frame,Longitudinal Acceleration,Throttle Pedal Position,Vehicle Speed,Engine RPM,Left Front Wheel Speed,Right Front Wheel Speed,Left Rear Wheel Speed,Right Rear Wheel Speed
0,-0.16,0.0,0.0,611.0,0.0,0.0,0.0,0.0
1,-0.16,0.0,0.0,606.0,0.0,0.0,0.0,0.0
2,-0.16,0.0,0.0,611.0,0.0,0.0,0.0,0.0
3,-0.16,0.0,0.0,610.0,0.0,0.0,0.0,0.0
4,-0.16,0.0,0.0,613.0,0.0,0.0,0.0,0.0
5,-0.16,0.0,0.0,608.0,0.0,0.0,0.0,0.0
6,-0.16,0.0,0.0,609.0,0.0,0.0,0.0,0.0
7,-0.16,0.0,0.0,614.0,0.0,0.0,0.0,0.0
8,-0.16,0.0,0.0,610.0,0.0,0.0,0.0,0.0
9,-0.16,0.0,0.0,602.0,0.0,0.0,0.0,0.0
10,-0.16,0.0,0.0,601.0,0.0,0.0,0.0,0.0
11,-0.16,0.0,0.0,612.0,0.0,0.0,0.0,0.0
12,-0.16,0.0,0.0,615.0,0.0,0.0,0.0,0.0
13,-0.16,0.0,0.0,615.0,0.0,0.0,0.0,0.0
14,-0.08,0.0,0.0,610.0,0.0,0.0,0.0,0.0
15,-0.16,0.0,0.0,615.0,0.0,0.0,0.0,0.0
16,-0.08,0.0,0.0,614.0,0.0,0.0,0.0,0.0
17,-0.08,0.0,0.0,619.0,0.0,0.0,0.0,0.0
18,-0.16,0.0,0.0,606.0,0.0,0.0,0.0,0.0
19,-0.08,0.0,0.0,603.0,0.0,0.0,0.0,0.0
20,-0.16,0.0,0.0,607.0,0.0,0.0,0.0,0.0
21,-0.08,0.0,0.0,606.0,0.0,0.0,0.0,0.0
22,-0.16,0.0,0.0,604.0,0.0,0.0,0.0,0.0
23,-0.08,0.0,0.0,613.0,0.0,0.0,0.0,0.0
24,-0.16,0.0,0.0,611.0,0.0,0.0,0.0,0.0
25,-0.16,0.0,0.0,620.0,0.0,0.0,0.0,0.0
26,-0.16,0.0,0.0,609.0,0.0,0.0,0.0,0.0
27,-0.24,0.0,0.0,622.0,0.0,0.0,0.0,0.0
28,-0.24,0.0,0.0,614.0,0.0,0.0,0.0,0.0
29,-0.24,0.0,0.0,615.0,0.0,0.0,0.0,0.0
30,-0.24,0.0,0.0,616.0,0.0,0.0,0.0,0.0
31,-0.24,0.0,0.0,616.0,0.0,0.0,0.0,0.0
32,-0.24,0.0,0.0,613.0,0.0,0.0,0.0,0.0
33,-0.24,0.0,0.0,607.0,0.0,0.0,0.0,0.0
34,-0.32,5.49,0.0,667.0,0.0,0.0,0.0,0.0
35,-0.32,6.67,0.0,751.0,0.0,0.0,0.0,0.0
36,-0.56,5.1,0.0,832.0,6.5,0.0,0.0,0.0
37,-0.72,0.0,0.0,868.0,8.0,7.5,8.5,8.0
38,-0.64,0.0,0.0,792.0,10.5,9.5,10.0,9.5
39,-0.48,0.0,1.09,719.0,11.0,9.5,11.0,10.0
40,-0.08,2.35,0.0,690.0,10.5,10.0,10.5,9.5
41,0.0,9.8,0.0,724.0,10.0,10.0,11.0,9.5
42,-0.24,10.98,1.17,815.0,12.5,11.0,12.5,9.5
43,-0.56,0.0,1.34,925.0,14.5,12.5,14.5,12.0
44,-0.72,0.0,1.56,948.0,18.0,14.5,17.5,14.5
45,-0.72,2.75,1.9,842.0,20.5,17.5,19.5,17.0
46,-0.64,6.27,2.1,826.0,21.5,19.0,22.0,18.5
47,-0.56,0.0,2.21,857.0,24.5,21.0,23.0,20.0
48,-0.56,0.0,2.45,797.0,26.0,22.5,24.5,21.0
49,-0.48,0.0,2.5,725.0,27.0,24.0,26.0,22.5
50,-0.32,0.0,2.65,681.0,28.0,24.5,27.0,24.0
51,-0.24,0.0,2.75,627.0,29.0,25.5,28.5,25.5
52,-0.16,0.0,2.82,600.0,29.5,26.5,28.5,25.5
53,-0.08,0.0,2.87,604.0,29.5,27.0,29.0,26.0
54,-0.08,0.0,2.9,602.0,30.0,27.0,29.0,26.5
55,-0.08,0.0,2.91,602.0,31.0,27.5,29.5,26.5
56,-0.08,0.0,2.96,607.0,31.5,28.0,30.0,27.0
57,-0.08,0.0,3.03,610.0,32.0,28.5,31.0,27.5
58,0.0,0.0,3.09,629.0,32.5,29.0,31.5,28.0
59,-0.16,0.0,3.12,625.0,33.0,29.5,32.0,28.5
60,-0.08,0.0,3.21,619.0,33.0,30.0,32.5,29.5
61,-0.08,0.0,3.27,628.0,34.0,30.5,33.0,30.0
62,-0.16,0.0,3.36,631.0,34.0,31.5,33.5,31.5
63,-0.16,0.0,3.44,620.0,34.5,33.0,34.0,34.0
64,-0.24,0.0,3.6,625.0,35.5,33.5,35.5,34.0
65,-0.16,0.0,3.67,639.0,36.0,35.5,36.0,35.5
66,-0.08,0.0,3.78,643.0,37.0,36.5,37.5,36.0
67,0.0,0.0,3.88,641.0,37.5,37.0,38.0,37.0
68,0.0,0.0,3.91,640.0,37.5,37.5,38.0,37.0
69,0.0,0.0,3.91,642.0,37.5,37.5,37.5,37.0
70,0.08,0.0,3.9,641.0,37.0,37.5,37.0,37.5
71,0.08,0.0,3.88,645.0,37.5,37.5,37.5,38.0
72,-0.08,0.0,3.95,646.0,38.0,38.5,38.5,38.5
73,0.0,0.0,4.01,642.0,39.0,39.0,38.5,38.0
74,0.08,0.0,4.01,649.0,38.0,38.0,38.5,38.0
75,0.32,0.0,3.93,657.0,37.0,37.5,37.0,37.0
76,0.32,0.0,3.82,655.0,36.5,36.5,37.5,36.5
77,0.16,0.0,3.8,647.0,37.0,37.0,37.0,37.0
78,0.0,0.0,3.93,650.0,38.0,40.0,37.5,39.0
79,-0.16,0.0,4.05,651.0,38.0,39.0,37.5,39.0
80,0.16,0.0,3.95,655.0,36.5,40.0,35.5,39.5
81,0.08,0.0,3.91,664.0,36.5,40.5,36.0,39.5
82,0.0,0.0,3.96,680.0,37.5,41.5,35.5,41.0
83,0.0,0.0,4.35,682.0,38.0,44.0,35.0,41.0
84,0.0,0.0,4.45,684.0,41.0,46.5,35.0,43.0
85,0.0,0.0,4.57,689.0,40.5,47.5,36.0,45.0
86,0.08,0.0,4.6,682.0,40.0,48.0,33.5,45.0
87,0.32,0.0,4.31,680.0,41.0,49.0,32.0,43.5
88,0.24,0.0,3.93,681.0,40.0,50.5,31.0,44.0
89,0.16,0.0,3.89,681.0,39.0,51.5,31.5,44.0
90,0.0,0.0,3.9,687.0,39.5,50.5,32.0,44.0
91,-0.08,0.0,3.96,680.0,40.5,50.0,32.0,45.5
92,0.0,0.0,4.03,682.0,41.5,51.0,32.5,44.0
93,0.0,0.0,4.01,693.0,40.0,51.0,32.5,43.5
94,0.0,0.0,3.91,688.0,39.5,49.0,31.5,43.5
95,0.16,0.0,3.83,687.0,39.0,48.0,30.5,41.5
96,0.08,0.0,3.85,675.0,38.0,46.5,31.0,42.5
97,0.16,0.0,3.78,682.0,38.5,47.0,31.0,41.0
98,0.0,0.0,3.77,681.0,37.5,47.5,30.5,41.0
99,-0.16,0.0,3.78,687.0,37.5,49.0,31.5,42.5
100,-0.24,0.0,3.89,689.0,36.5,48.0,32.0,42.0
101,-0.08,0.0,3.85,682.0,35.5,44.5,32.5,41.0
102,0.0,0.0,3.83,675.0,35.5,42.0,33.0,39.0
103,0.24,0.0,3.88,683.0,33.0,39.0,32.5,38.0
104,0.32,0.0,3.63,688.0,31.0,37.0,31.0,36.0
105,0.48,0.0,3.39,683.0,30.0,35.0,30.0,33.5
106,0.48,0.0,3.26,679.0,29.5,32.5,29.0,32.0
107,0.48,0.0,3.06,676.0,27.5,30.0,28.0,29.5
108,0.48,0.0,2.93,677.0,26.0,28.5,23.0,25.5
109,0.72,0.0,2.56,685.0,22.5,24.5,22.5,24.0
110,0.96,0.0,2.25,718.0,19.5,21.0,19.0,20.5
111,0.96,0.0,1.96,717.0,17.0,18.0,16.5,17.0
112,0.72,0.0,1.65,676.0,15.0,15.5,14.0,14.0
113,0.56,0.0,1.39,676.0,13.5,13.5,12.0,12.0
114,0.72,0.0,1.19,670.0,11.5,10.0,11.0,10.0
115,0.72,0.0,0.0,685.0,9.5,8.5,8.5,8.5
116,0.88,0.0,0.0,686.0,6.5,0.0,6.0,0.0
117,0.72,2.35,0.0,692.0,0.0,0.0,0.0,0.0
118,0.88,5.1,0.0,729.0,0.0,0.0,0.0,0.0
119,0.56,8.24,0.0,781.0,0.0,0.0,0.0,0.0
120,0.56,9.02,0.0,860.0,0.0,0.0,0.0,0.0
121,0.64,9.8,0.0,938.0,9.5,7.5,9.0,7.5
122,0.56,11.76,0.0,1029.0,13.5,10.5,12.5,9.0
123,0.64,12.55,1.29,1102.0,17.0,13.5,16.0,12.0
124,0.88,12.55,1.61,1158.0,21.5,17.5,19.5,15.0
125,0.96,12.55,2.04,1189.0,25.5,21.0,24.0,18.0
126,0.96,12.55,2.54,1203.0,32.0,25.0,29.0,21.5
127,1.12,7.45,2.98,1186.0,39.0,31.5,35.0,25.5
128,1.2,7.45,3.44,1130.0,43.0,35.0,39.5,29.5
129,0.88,7.45,3.73,1083.0,48.5,38.0,42.5,32.5
130,0.64,0.0,4.0,1032.0,51.0,40.0,45.5,33.5
131,0.32,0.0,4.18,983.0,54.0,42.0,47.5,33.5
132,0.16,0.0,4.29,884.0,55.5,44.5,49.0,36.0
133,0.16,0.0,4.44,826.0,56.5,45.0,49.0,36.5
134,0.0,0.0,4.49,781.0,58.0,46.0,50.5,36.5
135,0.0,0.0,4.56,757.0,59.5,46.5,51.5,37.0
136,0.0,0.0,4.72,713.0,59.5,47.5,52.5,38.0
137,-0.08,0.0,4.65,678.0,59.5,48.0,52.5,37.0
138,-0.32,0.0,4.67,671.0,59.5,47.0,51.5,38.5
139,-0.08,0.0,4.64,663.0,59.0,46.5,52.0,37.5
140,-0.16,0.0,4.69,664.0,59.0,46.5,52.0,38.0
141,-0.08,0.0,4.69,665.0,60.0,47.0,52.0,38.0
142,-0.08,0.0,4.69,671.0,58.0,47.5,52.0,38.0
143,-0.08,0.0,4.7,688.0,59.5,47.5,52.5,38.5
144,0.0,0.0,4.82,698.0,60.5,48.5,54.0,40.5
145,0.24,0.0,5.64,691.0,60.0,49.5,54.0,41.5
146,0.0,0.0,5.66,693.0,59.5,48.0,55.5,42.5
147,0.0,0.0,5.35,700.0,58.5,49.5,55.5,44.5
148,-0.16,0.0,5.78,689.0,59.5,50.0,56.0,45.5
149,0.0,0.0,5.8,696.0,58.0,50.0,55.5,46.0
150,0.08,0.0,5.74,696.0,57.5,49.5,55.5,47.0
151,0.08,8.63,5.87,707.0,59.0,51.0,56.0,50.0
152,0.0,10.98,5.62,850.0,58.0,52.0,58.0,51.0
153,0.0,8.63,5.8,983.0,59.5,53.5,60.5,54.0
154,0.56,1.18,6.05,1032.0,61.0,55.5,62.5,59.0
155,0.88,0.78,6.22,995.0,64.0,59.5,62.5,56.0
156,0.72,5.49,6.29,919.0,63.5,58.0,64.0,59.5
157,0.56,9.02,6.49,907.0,62.5,62.0,63.0,62.5
158,0.56,9.41,6.56,921.0,63.0,63.5,64.0,64.5
159,0.48,9.41,6.89,982.0,64.5,67.0,65.0,68.0
160,0.56,9.41,7.0,1033.0,65.5,69.0,66.5,71.5
161,0.64,9.41,7.24,1083.0,69.0,71.0,69.0,70.5
162,0.48,0.39,7.49,1098.0,69.0,71.5,72.5,74.0
163,0.64,0.0,7.62,1042.0,70.0,76.0,71.5,75.5
164,0.32,0.0,7.77,944.0,73.5,79.0,73.0,78.0
165,0.08,0.0,7.78,862.0,75.5,80.5,74.0,77.0
166,-0.32,0.0,7.93,831.0,73.5,81.5,72.0,80.0
167,-0.24,0.0,7.89,800.0,72.5,81.5,71.5,79.5
168,0.0,0.0,7.77,786.0,73.0,85.0,70.5,79.5
169,-0.24,6.27,7.89,794.0,75.0,88.0,69.0,81.0
170,-0.88,9.8,8.49,855.0,72.5,85.5,69.5,83.0
171,-0.64,8.63,8.67,978.0,72.0,85.5,68.5,83.5
172,0.0,9.8,8.29,1020.0,71.0,85.5,73.5,82.5
173,0.0,14.51,8.51,1052.0,73.5,85.0,67.5,82.0
174,0.08,14.12,8.53,1152.0,75.5,90.0,70.5,86.5
175,0.48,13.73,9.33,1240.0,79.0,93.5,74.0,89.5
176,0.64,12.94,9.59,1290.0,80.5,94.5,79.0,93.0
177,0.56,9.02,9.72,1302.0,84.0,99.0,79.0,93.0
178,0.56,9.02,9.93,1240.0,85.0,102.5,80.5,97.0
179,0.56,9.41,10.21,1191.0,88.0,102.5,82.5,99.0
180,0.24,9.8,10.31,1174.0,89.5,103.5,85.0,100.0
181,0.16,13.73,10.53,1199.0,91.0,105.0,87.0,102.0
182,0.24,15.69,9.97,1259.0,92.5,106.5,90.5,104.5
183,0.32,16.86,10.27,1366.0,95.0,108.0,93.5,107.0
184,0.64,17.25,10.59,1442.0,97.5,110.5,97.0,109.5
185,0.72,17.65,10.95,1479.0,101.5,114.0,99.5,113.0
186,0.96,17.65,11.22,1517.0,104.0,117.5,104.0,116.5
187,1.04,18.04,11.71,1551.0,108.5,121.5,108.5,120.5
188,1.04,18.82,12.15,1573.0,112.5,124.5,113.5,125.5
189,1.04,19.22,12.64,1619.0,117.5,128.5,118.5,129.0
190,1.12,19.22,13.12,1661.0,122.0,131.0,124.0,133.0
191,1.2,19.22,13.61,1695.0,127.0,134.5,129.5,136.5
192,1.36,19.22,14.11,1707.0,133.0,138.5,135.5,140.0
193,1.2,19.61,14.56,1738.0,137.0,141.0,140.0,143.0
194,1.2,20.39,14.99,1768.0,142.0,144.0,145.5,147.5
195,1.2,21.18,15.43,1813.0,146.5,149.0,150.0,151.5
196,1.36,21.18,15.86,1869.0,151.0,152.0,154.5,155.5
197,1.44,21.18,16.42,1919.0,156.0,158.0,159.0,161.5
198,1.52,21.18,16.88,1938.0,159.0,162.5,163.5,166.0
199,1.44,21.18,17.39,1979.0,164.0,167.5,168.0,171.0
200,1.36,21.18,17.82,2014.0,168.5,172.5,171.5,175.5
201,1.36,20.0,18.29,2053.0,172.0,176.5,176.0,180.5
202,1.36,17.25,18.62,2056.0,176.0,180.0,177.5,182.0
203,1.12,18.04,18.78,2033.0,179.5,183.5,180.0,183.5
204,0.64,20.39,19.16,2050.0,181.0,183.5,184.0,186.0
205,0.56,20.39,19.41,2020.0,184.0,186.0,188.0,189.5
206,0.64,20.39,19.69,1927.0,187.0,187.5,191.0,192.0
207,0.96,20.39,20.07,1776.0,191.0,192.0,193.0,194.5
208,1.2,20.39,20.36,1644.0,194.5,194.5,196.5,197.5
209,1.04,21.18,20.63,1608.0,196.5,198.0,200.0,201.0
210,0.88,21.18,20.87,1602.0,200.5,200.5,202.5,202.0
211,0.72,21.18,21.26,1624.0,203.0,201.5,206.0,205.0
212,0.72,24.31,21.46,1653.0,205.5,205.5,208.0,208.0
213,0.88,25.1,21.82,1720.0,207.5,207.5,211.5,211.5
214,1.04,25.1,22.1,1773.0,212.0,210.5,215.0,215.5
215,1.04,25.1,22.49,1785.0,215.0,213.0,218.5,218.0
216,1.04,25.1,22.82,1798.0,217.5,216.5,221.0,221.5
217,1.12,25.1,23.24,1819.0,221.5,219.5,224.0,224.5
218,1.2,25.1,23.48,1820.0,224.0,224.0,228.0,227.5
219,1.12,24.71,23.85,1816.0,227.5,226.5,232.0,232.0
220,1.12,22.35,24.21,1822.0,231.5,231.0,235.0,235.0
221,1.04,22.35,24.56,1777.0,235.5,234.5,237.5,238.0
222,0.96,22.35,24.98,1753.0,238.5,237.0,241.0,241.0
223,0.88,22.35,25.2,1752.0,241.5,241.0,245.5,245.5
224,0.88,22.35,25.56,1765.0,244.0,243.5,246.5,247.0
225,0.88,21.96,25.76,1765.0,246.5,245.5,250.0,249.0
226,0.72,22.35,26.02,1770.0,249.0,249.0,252.0,250.5
227,0.72,22.35,26.35,1784.0,251.5,250.5,254.5,253.5
228,0.72,22.35,26.64,1795.0,255.0,253.0,257.5,256.5
229,0.72,22.75,26.82,1812.0,256.0,255.0,259.0,258.5
230,0.72,23.14,27.04,1825.0,258.5,257.5,262.0,261.5
231,0.72,23.53,27.25,1822.0,260.5,260.5,264.0,263.5
232,0.88,23.53,27.6,1779.0,262.5,262.0,265.5,265.0
233,0.88,23.53,27.76,1767.0,265.5,264.5,268.5,268.0
234,0.88,23.53,28.04,1770.0,267.5,267.5,272.0,271.5
235,0.72,23.53,28.28,1769.0,270.0,270.5,274.0,273.0
236,0.88,23.92,28.65,1780.0,273.5,273.0,277.5,277.0
237,0.72,24.31,28.84,1746.0,276.0,275.5,279.5,279.0
238,0.88,24.31,29.1,1740.0,278.0,277.5,282.0,282.0
239,0.88,24.31,29.48,1680.0,281.0,281.0,284.0,284.0
240,0.88,24.71,29.86,1718.0,284.5,284.5,289.0,289.5
241,0.88,24.31,30.01,1689.0,287.0,286.0,288.5,289.5
242,0.72,24.71,30.24,1744.0,289.0,288.0,292.5,293.5
243,0.72,24.31,30.46,1731.0,291.0,292.0,294.5,295.0
244,0.72,24.71,30.77,1748.0,292.0,292.5,296.0,296.5
245,0.88,24.71,30.86,1766.0,294.5,295.0,299.0,299.5
246,0.88,24.71,31.24,1779.0,298.0,298.5,302.0,302.5
247,0.88,24.71,31.45,1793.0,300.5,300.0,304.5,305.0
248,0.88,24.71,31.74,1805.0,303.0,302.0,306.0,305.5
249,0.88,24.31,32.01,1825.0,305.5,305.0,309.0,309.0
250,0.72,22.35,32.17,1834.0,307.5,308.0,310.0,310.0
251,0.72,22.35,32.36,1842.0,308.0,309.0,312.0,313.5
252,0.72,22.35,32.45,1853.0,310.5,311.0,314.0,313.5
253,0.64,19.22,32.74,1860.0,311.5,312.5,315.0,315.0
254,0.72,18.82,32.76,1866.0,313.0,312.5,316.0,316.5
255,0.56,20.39,32.86,1864.0,314.5,313.0,316.5,316.0
256,0.56,21.96,32.97,1918.0,315.0,314.5,319.0,318.5
257,0.32,21.96,33.16,2048.0,316.0,316.0,320.0,319.5
258,0.64,21.57,33.34,2000.0,317.0,317.0,320.5,321.0
259,0.72,21.18,33.52,2013.0,320.5,319.0,323.0,323.5
260,0.64,21.18,33.63,2007.0,321.5,321.0,324.0,323.5
261,0.64,17.25,33.83,2028.0,323.5,322.5,325.5,325.5
262,0.56,13.73,33.86,1974.0,325.0,324.0,326.0,325.5
263,0.32,18.04,33.89,2003.0,325.0,324.5,328.0,326.5
264,0.16,20.39,34.05,2063.0,325.5,323.5,327.5,327.5
265,0.32,20.39,34.14,2112.0,327.5,324.0,328.5,327.5
266,0.48,20.0,34.24,2005.0,327.5,326.0,330.5,329.5
267,0.48,16.47,34.33,1763.0,329.0,326.5,330.5,330.0
268,0.48,15.29,34.41,1545.0,330.0,328.5,331.5,330.5
269,0.48,14.12,34.39,1408.0,330.5,329.0,332.5,331.5
270,0.24,13.73,34.43,1321.0,330.5,329.5,333.5,331.0
271,0.16,18.82,34.41,1295.0,331.0,327.5,331.5,330.5
272,0.16,21.18,34.51,1340.0,330.5,328.0,333.0,332.5
273,0.16,21.96,34.58,1409.0,331.5,329.0,332.0,332.0
274,0.24,22.35,34.67,1457.0,332.0,331.5,335.0,333.5
275,0.32,22.35,34.7,1480.0,333.0,331.0,336.0,335.0
276,0.48,22.35,34.96,1485.0,333.0,331.5,336.0,335.5
277,0.48,18.43,35.03,1464.0,336.5,335.5,337.5,337.0
278,0.32,14.12,35.25,1382.0,340.0,338.5,341.5,341.0
279,0.24,14.9,35.5,1290.0,340.0,338.5,342.0,340.5
280,0.16,19.22,35.49,1365.0,339.0,339.5,345.5,344.0
281,0.16,17.65,35.47,1417.0,343.0,340.5,345.5,345.0
282,0.16,14.51,35.92,1410.0,344.0,342.5,346.0,345.0
283,0.16,14.9,36.05,1332.0,344.5,344.0,347.0,347.0
284,0.16,14.51,36.15,1303.0,347.0,345.5,348.5,348.0
285,0.16,11.37,36.31,1240.0,349.0,347.5,349.5,348.0
286,0.08,11.37,36.42,1254.0,350.0,348.0,351.5,350.5
287,0.08,17.65,36.62,1264.0,351.0,350.0,349.5,349.0
288,0.0,20.39,36.75,1373.0,351.0,350.5,353.0,353.5
289,0.16,20.78,36.9,1400.0,353.0,350.5,355.5,355.0
290,0.24,20.39,37.09,1286.0,354.0,353.0,356.5,355.5
291,0.24,20.78,37.27,1288.0,356.5,355.0,359.0,358.5
292,0.24,19.61,37.36,1289.0,357.5,357.5,362.0,362.0
293,0.32,9.41,37.51,1279.0,359.5,359.5,363.0,363.0
294,0.16,10.2,37.66,1271.0,361.5,360.0,361.5,361.5
295,0.08,12.16,37.76,1287.0,362.5,361.5,362.5,363.0
296,0.08,18.04,37.91,1298.0,364.0,362.5,363.5,364.0
297,0.08,16.08,37.85,1380.0,363.0,363.0,367.5,368.0
298,0.16,15.69,38.17,1346.0,365.0,364.5,367.0,367.0
299,0.24,16.08,38.09,1298.0,362.0,364.0,369.5,368.0
300,0.16,19.22,38.68,1305.0,368.0,367.5,368.5,367.5
301,-0.08,21.18,38.39,1342.0,369.5,365.5,372.5,368.0
302,0.24,17.65,38.16,1341.0,367.0,367.0,370.0,370.5
303,0.24,17.25,38.61,1326.0,373.0,369.0,374.0,374.0
304,0.16,14.12,38.91,1326.0,373.5,371.0,375.5,375.0
305,0.16,9.41,39.05,1322.0,373.0,372.0,376.5,375.0
306,0.24,5.1,38.98,1323.0,373.0,373.0,375.5,375.0
307,0.08,10.98,38.95,1334.0,374.0,373.5,374.5,375.5
308,0.0,12.16,39.07,1339.0,375.5,374.5,376.5,377.0
309,0.0,13.73,39.15,1338.0,375.5,376.0,376.5,377.0
310,0.0,18.04,39.18,1374.0,376.5,376.0,374.5,374.5
311,0.0,27.06,39.3,1491.0,377.0,376.0,379.5,379.0
312,0.24,26.67,39.71,1531.0,378.5,377.5,381.5,381.5
313,0.48,21.96,39.86,1394.0,381.0,378.5,383.0,383.0
314,0.56,14.9,40.02,1373.0,383.5,382.0,384.5,384.5
315,0.32,10.2,40.06,1367.0,384.0,383.0,386.5,387.0
316,0.16,1.18,40.11,1358.0,384.5,383.5,386.0,386.0
317,0.08,1.57,40.11,1363.0,385.0,383.0,385.0,386.0
318,0.0,6.67,39.98,1366.0,384.5,384.0,385.5,385.5
319,0.0,10.59,40.0,1366.0,385.5,383.5,385.5,384.5
320,0.0,15.69,40.05,1449.0,383.0,382.0,385.5,384.0
321,-0.08,16.86,40.09,1525.0,385.0,383.5,387.0,386.5
322,0.08,14.51,40.22,1504.0,385.5,384.5,387.5,387.5
323,0.16,9.02,40.26,1453.0,386.5,385.0,387.5,387.0
324,0.08,5.88,40.18,1359.0,385.5,384.5,386.5,386.0
325,0.0,5.88,40.17,1383.0,387.5,387.0,385.5,386.0
326,0.0,5.88,40.25,1416.0,386.0,387.0,387.5,389.0
327,-0.08,3.14,40.2,1436.0,386.0,386.5,387.0,389.0
328,0.0,0.0,40.24,1394.0,385.5,384.5,384.5,387.0
329,0.0,0.0,39.97,1356.0,384.5,383.0,384.0,384.0
330,-0.08,11.37,39.93,1362.0,383.5,382.0,383.0,384.0
331,-0.08,11.37,39.95,1430.0,382.5,382.5,383.5,384.5
332,-0.08,12.16,39.84,1475.0,382.5,381.0,384.0,383.5
333,0.0,17.65,39.86,1458.0,383.0,381.0,384.5,384.0
334,0.0,20.78,39.98,1556.0,383.0,382.5,385.5,385.5
335,0.16,9.8,40.05,1548.0,383.5,382.0,386.5,387.0
336,0.24,0.0,40.08,1410.0,383.5,383.0,385.0,385.5
337,0.16,0.0,39.98,1358.0,382.5,386.5,383.5,384.0
338,0.0,0.0,40.02,1359.0,384.0,382.5,381.0,385.5
339,-0.08,0.39,39.87,1343.0,383.5,381.0,382.0,383.0
340,-0.08,0.78,39.69,1337.0,382.0,381.0,381.5,382.5
341,-0.08,1.96,39.67,1367.0,382.0,380.0,382.0,382.0
342,-0.08,5.49,39.58,1347.0,379.5,378.5,380.5,381.5
343,-0.08,9.8,39.57,1371.0,379.5,378.5,381.5,380.0
344,-0.16,10.59,39.73,1415.0,381.5,380.0,382.5,383.0
345,-0.16,9.41,39.66,1441.0,380.5,380.5,382.0,381.0
346,0.0,5.1,39.58,1371.0,379.0,378.0,379.0,378.5
347,0.08,4.71,39.37,1355.0,379.0,377.0,380.0,379.5
348,0.0,5.49,39.37,1346.0,380.0,378.5,380.0,380.0
349,0.0,7.45,39.44,1343.0,379.5,378.5,380.0,379.0
350,-0.08,9.02,39.4,1346.0,378.0,377.0,378.0,378.0
351,0.0,9.02,39.33,1341.0,377.0,375.5,378.0,378.5
352,0.0,9.02,39.25,1342.0,377.5,375.0,377.5,378.0
353,0.0,9.41,39.22,1335.0,376.5,374.5,376.5,377.0
354,0.0,9.8,39.16,1336.0,376.5,375.0,377.0,377.0
355,0.0,9.8,39.16,1334.0,375.5,373.5,376.0,375.0
356,0.0,9.8,39.06,1335.0,375.0,372.5,376.0,376.0
357,0.0,9.8,39.0,1340.0,374.5,374.0,376.0,375.5
358,0.0,10.2,39.0,1330.0,375.0,374.0,376.0,376.0
359,0.0,10.59,38.95,1330.0,374.5,373.5,375.5,375.0
360,0.0,10.98,38.94,1330.0,374.5,373.0,375.5,375.0
361,0.0,8.24,38.99,1330.0,374.0,372.5,374.5,374.5
362,0.08,3.53,38.92,1327.0,373.0,371.5,373.5,373.5
363,0.0,2.75,38.82,1323.0,373.0,371.5,372.5,373.5
364,0.0,3.14,38.71,1318.0,371.5,371.0,371.5,373.0
365,0.0,4.71,38.59,1313.0,370.0,368.5,371.0,371.5
366,-0.08,6.27,38.41,1320.0,370.0,370.0,370.5,371.0
367,-0.08,6.27,38.48,1309.0,369.5,368.5,368.5,370.5
368,0.0,0.0,38.4,1310.0,368.0,366.0,368.0,369.0
369,0.0,0.0,38.18,1301.0,367.0,366.0,367.5,368.5
370,0.0,0.0,38.1,1297.0,366.5,366.0,366.5,367.5
371,-0.08,0.0,38.04,1276.0,365.5,363.5,366.0,367.0
372,-0.08,0.0,37.72,1283.0,362.0,361.0,362.5,362.5
373,-0.16,0.0,37.56,1276.0,361.0,360.5,361.0,361.0
374,-0.16,0.0,37.31,1264.0,360.0,358.0,358.5,357.5
375,-0.24,0.0,37.2,1264.0,358.5,356.5,356.0,356.0
376,-0.24,0.0,37.03,1268.0,355.0,354.5,355.5,354.5
377,-0.24,0.0,36.74,1259.0,353.0,351.5,352.0,352.0
378,-0.24,0.78,36.45,1244.0,350.0,350.0,349.5,349.5
379,-0.24,6.27,36.14,1238.0,349.0,349.0,349.0,348.5
380,-0.24,9.8,36.1,1236.0,347.5,345.5,347.0,346.0
381,-0.16,8.24,35.96,1250.0,345.5,344.5,345.5,345.5
382,-0.08,6.67,36.1,1306.0,346.0,345.0,345.0,345.0
383,0.0,6.67,35.92,1329.0,344.0,344.5,346.5,347.5
384,0.0,6.67,35.92,1298.0,343.5,343.0,345.0,345.0
385,0.08,6.67,35.91,1292.0,342.5,343.0,343.0,343.0
386,0.0,6.67,35.78,1288.0,343.5,343.5,344.5,345.0
387,0.0,5.1,35.91,1283.0,342.0,344.0,345.0,346.0
388,0.0,8.63,35.87,1264.0,345.5,342.0,346.0,344.5
389,0.0,10.59,35.92,1282.0,341.5,343.5,346.0,340.5
390,0.0,13.33,35.75,1300.0,342.5,342.5,346.5,345.0
391,0.0,13.73,35.87,1278.0,343.0,344.0,345.0,345.0
392,0.08,13.73,35.92,1225.0,345.5,346.0,346.5,347.0
393,0.16,13.73,36.11,1249.0,346.0,345.0,347.0,348.5
394,0.16,2.75,36.14,1232.0,345.5,344.0,347.5,347.5
395,0.16,0.0,36.16,1225.0,347.5,346.0,347.0,347.0
396,0.0,0.0,36.21,1233.0,349.0,348.5,349.0,349.5
397,-0.08,0.0,36.36,1237.0,349.5,349.5,350.5,350.5
398,-0.08,0.0,36.36,1214.0,350.0,350.0,350.0,350.5
399,-0.16,0.0,36.37,1248.0,349.0,349.0,349.0,349.5
400,-0.08,6.27,36.26,1267.0,348.5,347.5,349.0,349.0
401,-0.16,9.02,36.29,1278.0,348.5,348.0,351.0,350.0
402,0.0,9.8,36.36,1248.0,349.0,349.5,351.5,350.5
403,0.0,9.41,36.49,1263.0,352.0,351.0,353.0,352.5
404,0.0,7.06,36.52,1311.0,352.5,349.0,354.0,353.5
405,0.0,7.06,36.6,1313.0,352.0,348.5,355.5,354.5
406,0.0,7.06,36.87,1294.0,354.5,352.5,354.0,353.0
407,-0.08,2.75,36.83,1299.0,355.0,355.5,358.0,356.5
408,0.0,0.0,37.02,1245.0,355.5,357.5,356.0,357.0
409,-0.08,0.0,37.11,1266.0,356.0,355.0,357.5,355.5
410,-0.08,0.0,37.09,1262.0,356.5,354.5,356.0,357.0
411,-0.08,0.0,37.11,1232.0,357.0,355.5,356.5,355.0
412,-0.16,0.0,37.0,1273.0,356.0,355.5,356.5,356.5
413,-0.16,0.0,36.87,1259.0,355.5,356.0,355.5,355.5
414,-0.16,0.0,36.87,1250.0,356.5,356.5,355.5,355.5
415,-0.24,0.0,36.84,1259.0,355.0,354.5,355.0,355.0
416,-0.32,2.75,36.72,1248.0,355.0,354.0,354.5,354.0
417,-0.32,7.06,36.76,1264.0,354.5,353.5,353.0,353.0
418,-0.24,7.06,36.88,1277.0,355.0,354.0,355.5,354.0
419,-0.16,7.06,36.93,1308.0,356.0,355.0,357.0,356.5
420,0.0,6.27,37.03,1344.0,355.5,355.5,357.5,357.0
421,0.0,5.49,37.16,1324.0,357.5,356.5,358.5,358.0
422,0.0,0.0,37.21,1304.0,357.0,356.0,358.5,358.5
423,0.0,0.0,37.14,1258.0,357.5,358.0,358.5,358.5
424,0.0,0.0,37.18,1266.0,359.0,357.5,359.0,358.0
425,-0.08,0.0,37.2,1238.0,358.5,358.0,357.0,357.0
426,-0.16,0.0,37.14,1259.0,357.0,357.0,356.5,357.0
427,-0.24,0.0,37.03,1263.0,357.0,356.5,356.5,356.0
428,-0.24,0.0,36.92,1262.0,355.0,354.5,355.5,356.0
429,-0.24,0.0,36.79,1249.0,354.5,354.0,353.0,353.5
430,-0.32,0.0,36.6,1244.0,352.5,351.5,351.5,353.0
431,-0.32,0.0,36.49,1240.0,351.5,351.0,350.0,351.0
432,-0.32,0.0,36.37,1240.0,349.5,348.5,348.5,350.0
433,-0.24,0.0,36.21,1237.0,348.5,348.5,348.5,349.0
434,-0.32,0.0,36.1,1233.0,347.5,348.0,347.0,347.5
435,-0.32,0.0,36.0,1228.0,346.5,346.5,347.0,347.0
436,-0.32,0.0,35.9,1225.0,346.0,345.0,345.0,345.0
437,-0.32,0.0,35.82,1219.0,344.5,343.5,344.5,344.5
438,-0.32,0.0,35.71,1222.0,344.5,342.5,343.0,343.5
439,-0.32,0.0,35.58,1219.0,343.0,342.5,341.5,342.0
440,-0.32,0.0,35.36,1211.0,342.0,340.0,340.5,340.5
441,-0.24,0.0,35.18,1204.0,340.0,338.5,339.0,339.0
442,-0.32,0.0,35.14,1196.0,339.0,337.5,337.5,337.0
443,-0.32,0.0,35.05,1193.0,337.0,337.0,336.5,336.5
444,-0.32,0.0,34.87,1188.0,335.0,335.5,335.0,335.0
445,-0.32,0.0,34.72,1188.0,334.5,334.5,333.5,334.5
446,-0.32,0.0,34.59,1182.0,333.0,332.5,332.5,333.5
447,-0.32,0.0,34.43,1174.0,331.5,331.0,330.5,331.5
448,-0.32,0.0,34.24,1168.0,329.5,328.5,328.5,329.0
449,-0.32,0.0,34.13,1161.0,328.5,327.5,327.5,328.0
450,-0.32,0.0,33.96,1156.0,327.0,325.5,326.5,326.0
451,-0.32,0.0,33.78,1151.0,325.0,323.5,324.5,325.0
452,-0.24,0.0,33.63,1148.0,323.0,323.5,323.0,323.0
453,-0.32,0.0,33.47,1143.0,323.5,322.0,322.5,322.0
454,-0.32,0.0,33.38,1135.0,321.5,320.0,320.0,320.0
455,-0.24,0.0,33.26,1131.0,320.5,319.0,319.5,320.0
456,-0.24,0.0,33.11,1125.0,319.0,318.0,318.5,318.5
457,-0.24,0.0,32.96,1121.0,317.5,316.5,317.0,317.0
458,-0.24,0.0,32.79,1116.0,317.5,316.0,315.5,315.0
459,-0.24,0.0,32.68,1112.0,316.0,314.5,314.5,314.5
460,-0.32,0.0,32.59,1106.0,315.0,314.0,314.5,314.0
461,-0.32,0.0,32.56,1103.0,313.0,311.5,312.5,312.0
462,-0.32,0.0,32.42,1100.0,313.0,310.0,312.0,311.0
463,-0.24,0.0,32.28,1092.0,311.5,310.0,311.5,309.0
464,-0.24,0.0,32.19,1084.0,311.5,308.5,311.0,309.5
465,-0.32,0.0,32.04,1071.0,311.0,308.5,310.0,309.0
466,-0.32,0.0,32.1,1064.0,310.0,308.0,308.5,308.5
467,-0.32,0.0,32.06,1068.0,309.5,308.0,307.5,308.5
468,-0.32,0.0,31.97,1074.0,308.0,308.0,308.0,309.0
469,-0.32,0.0,31.97,1071.0,307.0,307.0,306.0,306.0
470,-0.32,0.0,31.71,1062.0,307.0,306.0,306.5,307.5
471,-0.32,0.0,31.86,1052.0,305.5,305.5,303.0,304.5
472,-0.32,0.0,31.62,1029.0,305.0,303.5,303.5,304.0
473,-0.24,0.0,31.54,963.0,304.0,302.5,303.5,303.5
474,-0.24,0.0,31.42,937.0,302.0,301.5,302.0,301.0
475,-0.32,0.0,31.29,924.0,301.5,299.5,301.5,300.5
476,-0.48,0.0,31.05,882.0,298.5,297.0,298.5,297.5
477,-0.56,0.0,30.81,885.0,296.0,294.5,295.5,295.5
478,-0.64,0.0,30.57,891.0,294.0,293.0,293.0,293.0
479,-0.64,0.0,30.3,871.0,291.5,291.5,291.0,292.0
480,-0.64,0.0,30.12,849.0,288.5,288.5,288.0,289.0
481,-0.64,0.0,29.9,827.0,287.0,287.5,286.5,287.5
482,-0.64,0.0,29.64,827.0,285.0,285.0,284.0,284.5
483,-0.64,0.0,29.25,813.0,279.0,279.5,279.5,280.0
484,-0.72,0.0,28.91,820.0,277.5,276.5,276.5,276.5
485,-0.88,0.0,28.61,827.0,274.0,273.5,273.5,274.0
486,-0.88,0.0,28.3,833.0,271.0,270.5,271.0,271.0
487,-0.88,0.0,27.92,832.0,267.5,267.0,268.0,268.0
488,-0.72,0.0,27.55,827.0,264.0,263.0,263.5,264.0
489,-0.88,0.0,27.21,823.0,261.0,259.5,259.5,260.0
490,-0.88,0.0,26.89,818.0,257.0,256.5,256.5,256.5
491,-0.96,0.0,26.42,812.0,254.5,251.5,253.5,253.0
492,-1.04,0.0,26.04,805.0,250.0,248.0,249.5,249.0
493,-1.12,0.0,25.62,803.0,245.0,244.0,244.5,244.5
494,-1.12,0.0,25.17,793.0,241.5,240.0,240.5,240.5
495,-1.2,0.0,24.78,793.0,237.5,236.0,237.0,237.5
496,-1.12,0.0,24.42,788.0,233.5,232.5,234.0,233.5
497,-1.2,0.0,23.92,787.0,228.0,228.0,229.5,228.5
498,-1.12,0.0,23.56,788.0,225.0,223.5,225.0,224.5
499,-1.12,0.0,23.03,783.0,219.5,219.0,219.5,219.0
500,-1.2,0.0,22.49,774.0,214.0,214.5,214.0,213.5
501,-1.36,0.0,21.87,768.0,209.0,208.0,208.0,207.0
502,-1.52,0.0,21.29,757.0,203.5,202.0,203.5,203.0
503,-1.52,0.0,20.77,747.0,197.5,196.5,198.0,197.5
504,-1.6,0.0,20.25,740.0,193.0,191.5,192.5,191.5
505,-1.6,0.0,19.53,731.0,187.0,185.5,185.0,185.0
506,-1.76,0.0,18.83,714.0,179.0,178.5,178.5,177.5
507,-1.84,0.0,18.19,700.0,173.0,172.5,172.5,172.0
508,-1.92,0.0,17.54,690.0,166.0,165.0,165.0,164.0
509,-1.84,0.0,16.91,680.0,159.5,158.5,159.5,159.0
510,-1.84,0.0,16.06,679.0,152.0,151.0,152.0,151.5
511,-1.84,0.0,15.46,691.0,146.0,145.5,146.5,145.5
512,-1.76,0.0,14.68,711.0,139.0,138.0,138.0,137.5
513,-1.84,0.0,14.07,724.0,133.0,132.0,133.0,132.5
514,-1.76,0.0,13.39,742.0,126.5,125.0,126.5,125.5
515,-1.6,0.0,12.79,742.0,120.5,119.0,119.5,119.0
516,-1.6,0.0,12.28,738.0,115.5,115.0,115.0,114.5
517,-1.2,0.0,11.74,744.0,112.0,111.0,110.5,110.5
518,-1.2,0.0,11.37,760.0,108.5,107.5,108.0,108.5
519,-1.2,0.0,10.99,805.0,104.0,103.0,104.0,103.5
520,-1.12,0.0,10.64,840.0,100.0,100.0,99.5,99.0
521,-1.04,0.0,10.11,839.0,96.5,95.5,96.0,95.5
522,-1.12,0.0,9.62,823.0,91.0,90.0,89.5,89.0
523,-1.44,0.0,9.1,800.0,84.0,83.5,84.0,83.5
524,-1.52,0.0,8.35,789.0,78.0,77.0,77.0,77.5
525,-1.76,0.0,7.64,777.0,71.0,70.0,71.0,70.0
526,-1.84,0.0,6.82,761.0,63.0,62.5,62.0,62.0
527,-1.76,0.0,6.04,710.0,56.0,56.0,55.0,55.0
528,-1.6,0.0,5.44,675.0,49.0,49.0,48.5,48.5
529,-1.44,0.0,4.78,665.0,43.5,43.0,42.5,42.5
530,-1.36,0.0,4.05,664.0,37.0,36.5,36.5,36.5
531,-1.2,0.0,3.54,675.0,32.5,32.5,32.0,32.5
532,-1.12,0.0,3.14,683.0,27.5,27.5,28.0,28.0
533,-1.12,0.0,2.63,701.0,23.5,23.5,22.5,22.5
534,-1.12,0.0,2.08,701.0,18.0,17.5,17.5,17.5
535,-1.04,0.0,1.57,691.0,14.0,13.5,13.5,13.5
536,-0.24,0.0,1.32,684.0,12.0,12.0,12.0,12.0
537,0.16,0.0,1.25,679.0,12.0,12.0,12.0,12.0
538,0.32,10.98,1.27,695.0,12.0,12.0,12.0,12.0
539,0.32,13.33,1.32,768.0,12.5,12.5,13.0,13.0
540,0.48,14.12,1.45,888.0,13.5,13.5,15.0,15.0
541,0.72,14.12,1.68,1045.0,16.0,15.5,17.5,17.0
542,1.12,16.08,1.98,1141.0,19.5,19.0,21.0,20.5
543,1.44,18.04,2.36,1196.0,23.5,22.5,25.5,24.5
544,1.6,19.22,2.88,1286.0,29.5,28.5,31.0,31.0
545,1.84,20.0,3.54,1377.0,34.5,33.5,37.0,37.0
546,2.08,20.0,4.18,1441.0,42.0,40.5,44.0,43.0
547,2.32,20.0,4.92,1465.0,50.5,48.5,52.0,51.0
548,2.24,19.22,5.6,1470.0,56.5,54.0,58.5,56.5
549,2.24,17.65,6.33,1451.0,64.5,59.5,65.5,62.0
550,2.0,12.55,6.99,1414.0,72.5,65.5,72.0,66.5
551,1.76,11.37,7.42,1336.0,77.0,69.0,76.5,68.5
552,1.36,12.55,7.67,1266.0,81.5,71.0,79.5,70.0
553,0.96,12.55,8.04,1239.0,85.0,74.5,84.0,74.0
554,0.72,1.18,8.41,1237.0,88.5,78.0,87.0,76.5
555,0.64,0.0,8.56,1158.0,92.0,80.0,88.5,76.5
556,0.32,1.18,8.71,1047.0,93.5,81.0,90.0,77.0
557,0.0,1.57,9.42,953.0,95.5,81.5,91.0,76.5
558,-0.24,1.57,9.46,945.0,95.0,81.0,91.0,75.5
559,-0.24,2.35,9.49,942.0,95.5,79.5,91.0,75.0
560,-0.48,7.84,9.4,955.0,96.0,80.0,90.5,74.5
561,-0.32,8.63,9.42,1015.0,96.0,81.0,91.0,76.5
562,-0.08,9.02,9.53,1059.0,96.5,81.5,91.5,77.0
563,0.0,10.98,9.59,1094.0,97.5,81.5,93.0,77.0
564,0.0,14.9,9.73,1129.0,98.5,82.5,94.0,78.5
565,0.08,16.47,9.91,1216.0,100.5,84.5,96.5,81.0
566,0.24,16.47,10.15,1316.0,102.0,87.0,99.0,84.0
567,0.64,16.47,10.12,1392.0,104.5,89.5,102.5,87.0
568,0.72,16.86,10.08,1425.0,108.0,94.0,106.0,91.0
569,0.96,17.25,10.52,1464.0,111.0,97.0,109.5,96.0
570,1.04,17.25,10.88,1496.0,114.0,101.0,113.0,100.5
571,1.04,18.04,11.31,1525.0,118.5,105.0,117.0,104.0
572,0.96,18.04,11.77,1551.0,122.0,108.5,121.0,109.0
573,1.04,18.82,12.23,1585.0,125.0,113.0,125.0,113.5
574,1.12,19.22,12.75,1623.0,130.0,118.0,130.0,119.5
575,1.12,19.61,13.16,1661.0,133.0,123.0,134.5,125.0
576,1.36,20.0,13.77,1713.0,136.5,129.0,138.5,132.5
577,1.36,20.39,14.3,1743.0,140.5,134.0,143.5,136.5
578,1.36,20.39,14.73,1772.0,144.0,137.5,147.0,141.0
579,1.36,20.39,15.2,1808.0,149.0,142.0,151.5,147.0
580,1.2,21.18,15.7,1846.0,155.0,147.5,156.5,151.0
581,1.36,21.57,16.39,1906.0,159.5,153.0,162.0,157.0
582,1.44,21.57,16.86,1938.0,164.5,159.0,167.0,163.5
583,1.44,21.57,17.49,1987.0,168.5,165.5,171.5,169.5
584,1.44,21.57,17.98,2034.0,172.0,170.0,177.0,176.0
585,1.44,21.57,18.45,2082.0,176.5,174.5,180.0,179.0
586,1.44,21.57,18.83,2110.0,180.5,177.5,182.5,183.0
587,1.44,21.57,19.29,2146.0,184.5,184.0,188.5,189.0
588,1.36,18.43,19.59,2164.0,188.5,187.0,189.5,190.0
589,1.12,18.43,19.85,2143.0,191.0,191.0,193.0,192.5
590,0.56,19.22,20.11,2100.0,192.0,191.5,195.5,196.0
591,0.72,19.22,20.51,1968.0,194.0,194.5,199.5,198.5
592,0.96,19.22,20.82,1777.0,199.0,198.5,202.0,202.0
593,1.04,19.22,21.04,1627.0,201.0,202.0,204.5,204.0
594,0.88,19.61,21.41,1585.0,203.5,204.5,206.0,206.0
595,0.64,19.61,21.61,1583.0,205.5,207.0,209.5,209.0
596,0.64,19.61,21.85,1602.0,210.0,209.5,214.0,213.0
597,0.64,20.39,22.09,1623.0,212.0,212.0,214.5,215.0
598,0.64,20.78,22.47,1646.0,215.5,213.0,217.0,215.0
599,0.64,20.78,22.66,1666.0,217.0,216.0,219.5,218.5
600,0.72,20.78,22.95,1682.0,219.0,218.0,222.0,221.5
601,0.72,20.78,23.26,1692.0,222.0,222.0,225.5,224.5
602,0.88,20.78,23.44,1695.0,223.5,223.5,227.0,225.5
603,0.88,20.78,23.68,1703.0,226.0,226.0,230.0,229.5
604,0.72,20.78,23.89,1708.0,228.5,229.0,232.0,232.0
605,0.72,20.78,24.26,1717.0,231.5,230.5,234.0,234.0
606,0.72,20.78,24.51,1722.0,234.0,234.0,237.0,236.5
607,0.72,20.78,24.72,1730.0,236.5,235.5,238.5,239.5
608,0.72,21.18,25.0,1728.0,239.0,237.5,241.5,242.0
609,0.72,21.18,25.28,1692.0,241.0,239.5,242.5,243.5
610,0.72,21.18,25.53,1675.0,243.0,244.0,245.5,246.5
611,0.72,21.18,25.73,1674.0,246.0,246.0,249.5,250.0
612,0.64,21.18,26.09,1669.0,248.5,248.0,252.5,252.5
613,0.72,21.18,26.33,1663.0,251.5,251.0,254.0,254.5
614,0.64,21.18,26.55,1663.0,252.5,252.5,256.0,256.5
615,0.64,20.78,26.81,1659.0,255.5,254.0,257.0,257.0
616,0.64,19.61,26.96,1635.0,258.5,257.5,260.0,260.0
617,0.64,17.65,27.1,1606.0,258.0,258.5,262.5,262.0
618,0.56,16.86,27.31,1547.0,260.0,259.5,261.0,262.5
619,0.56,16.86,27.43,1566.0,262.5,261.0,264.0,265.0
620,0.48,16.86,27.53,1566.0,264.0,262.5,265.5,265.0
621,0.48,16.86,27.73,1580.0,266.5,265.0,267.5,267.5
622,0.48,19.22,27.88,1587.0,266.0,266.5,269.5,270.0
623,0.48,19.22,28.06,1597.0,268.5,267.5,271.5,271.5
624,0.64,17.25,28.23,1613.0,270.0,269.5,272.5,272.5
625,0.56,17.65,28.4,1617.0,272.0,271.5,273.5,274.5
626,0.48,17.65,28.57,1628.0,273.0,272.0,276.0,275.5
627,0.48,17.65,28.78,1637.0,275.5,273.5,277.0,278.0
628,0.48,17.65,28.91,1652.0,276.0,274.5,279.5,279.0
629,0.56,17.65,29.1,1648.0,278.0,277.0,280.5,280.5
630,0.56,17.65,29.24,1665.0,279.5,277.5,282.0,281.5
631,0.48,18.43,29.35,1681.0,281.5,279.5,284.0,284.0
632,0.48,19.22,29.59,1682.0,282.5,283.0,285.0,285.0
633,0.56,19.22,29.75,1697.0,283.5,283.5,287.0,287.0
634,0.56,19.22,29.88,1713.0,285.5,285.0,288.5,289.5
635,0.56,18.82,30.08,1714.0,286.5,287.5,290.0,291.0
636,0.48,17.25,30.26,1720.0,290.0,288.5,291.0,291.5
637,0.48,16.08,30.39,1745.0,292.0,290.0,295.5,294.5
638,0.48,14.51,30.5,1730.0,291.5,292.5,295.0,294.0
639,0.24,14.51,30.7,1737.0,292.5,293.0,296.0,295.0
640,0.32,15.69,30.7,1758.0,293.5,292.5,296.0,296.0
641,0.32,15.69,30.76,1757.0,295.5,293.0,294.0,294.0
642,0.32,14.12,30.88,1875.0,295.0,296.5,297.0,298.0
643,0.32,14.12,31.08,1821.0,296.5,296.0,298.5,297.5
644,0.32,14.51,31.03,1850.0,297.0,296.5,301.0,299.0
645,0.24,14.9,31.26,1862.0,299.0,297.5,300.5,300.5
646,0.24,14.9,31.25,1869.0,298.5,299.5,302.0,301.5
647,0.24,14.9,31.37,1879.0,300.5,299.5,303.0,302.5
648,0.24,14.12,31.44,1880.0,301.5,299.5,303.0,303.0
649,0.32,9.41,31.5,1855.0,303.0,301.0,304.0,303.0
650,0.16,8.24,31.45,1830.0,302.5,301.5,303.0,302.0
651,0.08,8.24,31.63,1600.0,303.0,301.5,302.5,303.0
652,0.16,7.84,31.65,1361.0,303.5,303.0,304.0,303.5
653,0.16,7.84,31.53,1211.0,304.0,301.5,304.0,304.5
654,0.08,5.49,31.65,1157.0,303.0,302.0,302.5,304.0
655,0.0,5.49,31.57,1151.0,302.0,304.0,303.5,304.5
656,0.0,7.06,31.54,1148.0,302.0,302.0,303.0,304.0
657,0.0,9.41,31.48,1164.0,302.5,302.0,303.0,304.0
658,0.0,10.98,31.56,1172.0,302.5,303.0,303.5,304.0
659,0.0,12.94,31.59,1179.0,303.0,302.0,304.0,304.0
660,0.0,12.94,31.65,1209.0,303.0,304.0,304.0,304.5
661,0.08,12.94,31.7,1190.0,303.0,301.5,306.0,305.0
662,0.08,5.1,31.6,1138.0,302.0,303.5,306.0,305.5
663,0.16,0.0,31.65,1087.0,304.5,304.5,304.5,304.5
664,0.0,0.39,31.75,1170.0,304.0,302.5,305.0,303.5
665,0.0,2.75,31.57,1157.0,304.0,303.0,306.5,305.5
666,0.0,5.49,31.67,1127.0,305.5,304.5,303.5,303.5
667,0.0,10.59,31.76,1153.0,304.0,303.5,305.5,305.0
668,0.0,15.69,31.69,1223.0,305.0,301.5,305.5,305.5
669,0.0,16.47,31.83,1279.0,304.0,302.0,304.5,302.5
670,0.08,16.08,31.81,1350.0,304.0,303.0,305.5,304.5
671,0.16,10.2,31.83,1394.0,305.0,303.0,307.0,306.0
672,0.16,9.41,31.81,1365.0,306.0,304.5,307.5,307.0
673,0.16,7.06,31.98,1305.0,308.0,307.5,308.5,307.5
674,0.08,0.78,31.94,1221.0,307.5,307.0,308.5,309.0
675,0.08,4.31,31.88,1148.0,306.5,304.0,308.5,308.5
676,0.0,4.71,31.66,1143.0,305.0,304.0,307.5,307.0
677,0.0,5.1,31.78,1155.0,306.0,305.5,304.5,303.0
678,-0.08,6.67,31.86,1163.0,306.5,305.0,306.5,308.0
679,0.0,7.45,31.79,1176.0,306.5,304.5,307.0,306.5
680,0.0,7.84,31.81,1192.0,304.5,305.5,308.0,306.5
681,0.0,10.59,31.83,1206.0,305.5,309.0,304.0,304.5
682,0.0,10.59,31.89,1215.0,306.0,304.0,307.5,306.0
683,0.0,14.12,31.81,1240.0,304.0,302.0,305.5,305.0
684,0.08,14.9,31.71,1280.0,304.0,304.0,305.5,305.0
685,0.08,14.9,31.72,1327.0,304.5,304.0,304.5,305.0
686,0.08,14.9,31.7,1362.0,303.5,303.0,308.0,309.0
687,0.16,14.51,31.81,1378.0,305.0,305.5,308.5,307.5
688,0.16,6.67,32.03,1385.0,306.0,304.5,306.0,306.5
689,0.16,3.92,31.81,1276.0,305.0,303.5,306.0,306.0
690,0.08,5.1,31.74,1169.0,304.5,303.0,305.5,306.0
691,0.0,0.0,31.7,1147.0,304.0,302.5,304.5,304.5
692,0.0,0.0,31.63,1120.0,304.0,303.5,304.0,303.5
693,0.0,3.53,31.57,1096.0,302.0,301.5,303.0,305.0
694,0.0,10.59,31.44,1125.0,303.0,301.5,302.0,302.5
695,-0.08,0.0,31.37,1193.0,301.0,299.5,302.0,302.0
696,0.0,0.0,31.19,1139.0,300.0,299.5,304.0,304.0
697,0.0,0.0,31.21,1085.0,298.0,297.0,299.0,300.0
698,0.0,0.0,31.1,1055.0,299.0,297.5,300.0,299.0
699,0.0,0.0,30.97,1010.0,297.5,298.5,299.5,298.0
700,-0.08,0.0,30.85,978.0,296.5,295.5,296.5,296.5
701,-0.08,0.0,30.63,924.0,293.0,293.0,294.0,294.0
702,-0.08,0.0,30.58,883.0,290.0,291.5,293.0,292.5
703,-0.16,0.0,30.42,865.0,293.5,292.0,292.5,293.5
704,-0.16,0.0,30.37,841.0,291.0,290.0,292.0,292.0
705,-0.08,0.0,30.22,837.0,290.0,288.5,289.0,289.0
706,-0.08,0.0,29.93,844.0,289.0,288.0,288.0,287.5
707,-0.16,0.0,29.88,848.0,287.0,286.5,287.0,287.5
708,-0.08,0.0,29.75,845.0,284.5,284.5,285.5,285.5
709,-0.08,0.0,29.61,846.0,284.0,283.5,285.5,284.5
710,-0.16,0.0,29.44,835.0,282.5,280.5,282.0,282.5
711,-0.32,0.0,29.17,827.0,279.0,278.0,278.5,277.0
712,-0.72,0.0,28.61,829.0,275.0,268.0,276.0,273.0
713,-1.12,0.0,28.3,824.0,270.0,269.0,270.5,269.5
714,-1.2,0.0,27.97,813.0,269.0,265.0,265.5,262.0
715,-1.36,0.0,27.61,815.0,264.5,262.0,263.5,262.0
716,-0.96,0.0,27.1,811.0,259.5,256.0,258.5,260.0
717,-0.88,0.0,26.73,804.0,256.0,254.0,255.0,255.0
718,-0.88,0.0,26.41,809.0,254.0,252.0,253.0,252.5
719,-0.72,0.0,26.07,805.0,250.0,249.5,249.5,249.5
720,-0.72,0.0,25.8,800.0,248.0,247.5,248.0,247.5
721,-0.64,0.0,25.51,799.0,244.5,243.5,244.5,244.5
722,-0.56,0.0,25.26,796.0,242.5,241.5,241.5,241.0
723,-0.56,0.0,25.18,791.0,242.5,241.0,241.0,240.5
724,-0.48,0.0,25.0,793.0,240.0,239.0,240.5,240.5
725,-0.24,0.0,24.82,792.0,238.0,238.5,239.0,239.0
726,-0.16,0.0,24.81,791.0,238.5,237.5,237.5,237.0
727,-0.16,0.0,24.64,792.0,233.5,235.0,237.0,237.5
728,-0.48,0.0,24.72,795.0,233.0,234.5,237.0,237.5
729,-0.24,1.18,24.66,808.0,235.5,234.5,234.5,234.0
730,0.0,0.0,24.03,829.0,225.5,228.5,228.0,227.0
731,0.0,0.0,23.71,813.0,231.5,223.5,226.0,224.0
732,-0.08,0.0,23.55,784.0,223.5,228.0,227.5,228.0
733,-0.08,0.0,23.67,785.0,228.0,227.0,233.5,231.5
734,0.0,2.75,23.71,787.0,228.5,224.0,230.5,232.0
735,0.0,0.0,23.43,818.0,223.5,226.5,228.5,228.5
736,-0.16,0.0,23.51,821.0,231.5,230.0,226.0,230.0
737,-0.32,2.75,24.06,794.0,232.0,234.0,233.5,234.5
738,-0.32,3.14,24.41,821.0,233.5,235.5,235.5,232.5
739,-0.08,2.75,24.29,853.0,231.0,231.0,235.0,230.5
740,0.0,3.14,24.0,876.0,231.0,231.0,231.5,229.5
741,0.0,5.49,24.02,875.0,232.0,234.5,229.5,231.5
742,0.0,11.76,24.08,897.0,233.5,232.0,232.5,233.0
743,-0.08,14.12,24.16,959.0,231.5,235.5,233.0,227.0
744,-0.08,7.84,23.91,1034.0,231.5,234.5,238.5,233.5
745,0.08,8.24,24.35,1068.0,232.0,231.5,235.0,233.0
746,0.0,11.76,24.4,1065.0,233.5,231.5,229.5,235.0
747,0.0,12.16,24.29,1091.0,233.0,233.0,236.5,232.0
748,0.08,12.55,24.35,1143.0,232.5,232.0,234.5,232.5
749,0.0,12.55,24.51,1176.0,233.5,233.0,235.0,237.5
750,0.08,8.63,24.46,1196.0,235.0,235.0,237.5,235.5
751,0.16,8.63,24.62,1185.0,236.0,234.5,241.0,237.5
752,0.24,12.16,24.69,1152.0,236.5,236.5,237.0,237.0
753,0.16,12.94,24.71,1157.0,236.0,237.0,239.0,237.5
754,0.08,13.33,24.84,1183.0,238.5,236.5,239.0,238.5
755,0.08,15.29,24.87,1209.0,239.0,239.0,240.5,240.0
756,0.16,18.04,25.08,1245.0,240.0,239.0,241.0,242.0
757,0.16,20.78,25.2,1263.0,240.5,241.0,242.5,242.5
758,0.24,21.96,25.35,1273.0,241.5,241.0,245.0,245.5
759,0.32,21.96,25.43,1276.0,244.5,244.0,246.0,245.5
760,0.32,20.0,25.71,1234.0,246.5,245.5,247.0,248.5
761,0.48,20.78,25.84,1145.0,247.5,246.5,249.5,250.5
762,0.48,21.57,26.05,1100.0,249.5,250.0,251.5,251.5
763,0.32,20.0,26.15,1106.0,251.0,250.5,253.5,253.0
764,0.32,17.65,26.44,1128.0,254.0,252.0,255.5,256.0
765,0.32,21.18,26.53,1063.0,255.0,254.5,256.5,256.5
766,0.32,23.92,26.79,925.0,256.5,255.5,257.5,257.5
767,0.32,24.31,26.91,925.0,258.0,257.5,259.5,259.5
768,0.24,18.82,27.04,924.0,260.0,259.0,262.0,262.5
769,0.32,15.29,27.3,932.0,261.0,260.5,263.5,263.5
770,0.24,23.14,27.53,949.0,264.5,264.0,265.0,265.5
771,0.32,25.49,27.51,937.0,264.0,262.5,266.0,265.5
772,0.32,25.88,27.71,942.0,266.0,263.5,266.5,266.5
773,0.24,24.71,27.92,961.0,267.0,267.5,270.0,268.5
774,0.48,4.31,28.08,964.0,268.5,268.5,271.5,272.0
775,0.32,0.39,27.77,1010.0,269.0,267.5,275.5,275.0
776,0.16,10.59,28.19,1224.0,270.5,269.5,269.5,268.5
777,0.08,16.86,28.4,1279.0,271.5,270.5,272.5,272.0
778,0.16,17.25,28.41,1356.0,272.5,272.5,274.5,274.5
779,0.16,18.43,28.55,1413.0,273.5,272.5,275.5,275.5
780,0.24,18.04,28.64,1464.0,275.0,269.5,276.0,276.5
781,0.48,16.47,28.77,1477.0,277.0,271.5,279.0,278.5
782,0.24,11.76,29.25,1469.0,276.0,280.0,282.5,276.0
783,0.08,8.24,28.86,1390.0,275.0,276.5,287.5,279.0
784,0.16,7.45,28.79,1278.0,279.5,275.5,281.5,281.0
785,0.08,10.2,29.16,1213.0,283.0,279.5,281.5,282.5
786,0.0,10.59,29.37,1209.0,282.5,281.0,281.5,282.5
787,0.0,10.98,29.41,1226.0,281.5,280.5,283.0,282.5
788,0.08,13.73,29.39,1240.0,282.0,281.5,283.0,283.0
789,0.08,12.94,29.48,1256.0,283.0,282.5,284.0,284.0
790,0.08,18.43,29.59,1290.0,283.0,282.5,285.5,285.0
791,0.08,20.78,29.64,1359.0,284.5,284.5,287.5,287.0
792,0.16,20.0,29.79,1388.0,285.5,283.5,287.5,288.0
793,0.32,19.61,29.93,1371.0,287.0,285.5,289.0,289.0
794,0.32,14.51,30.12,1304.0,287.5,288.0,290.5,290.0
795,0.32,9.8,30.2,1188.0,290.0,289.0,291.0,291.0
796,0.24,9.8,30.36,1077.0,290.5,290.0,290.5,290.5
797,0.08,9.8,30.25,1100.0,292.0,291.0,294.0,295.0
798,0.08,10.2,30.45,1143.0,292.0,292.5,294.0,293.5
799,0.0,15.29,30.55,1138.0,292.0,291.5,294.0,294.0
800,0.16,16.86,30.52,1105.0,293.0,292.5,294.5,294.0
801,0.16,16.47,30.64,1102.0,294.5,292.0,294.5,294.5
802,0.08,16.08,31.07,1082.0,296.5,296.0,298.0,297.5
803,0.08,1.96,31.04,1052.0,296.5,297.0,297.5,297.0
804,0.08,0.78,30.8,1109.0,297.0,296.0,298.0,299.0
805,0.0,12.94,30.88,1224.0,296.5,296.5,299.5,299.5
806,0.0,14.12,31.03,1226.0,297.5,296.5,298.0,298.0
807,0.0,14.51,31.04,1274.0,297.5,297.0,299.0,299.5
808,0.08,14.9,31.17,1326.0,299.0,298.0,300.5,299.5
809,0.08,14.51,31.25,1369.0,301.0,300.5,302.5,302.0
810,0.16,14.12,31.44,1394.0,301.0,300.5,305.0,304.5
811,0.24,14.12,31.35,1392.0,302.0,300.0,305.0,305.5
812,0.16,14.12,31.69,1388.0,302.5,302.0,303.5,303.5
813,0.16,14.12,31.67,1383.0,304.0,303.0,305.0,305.0
814,0.16,13.73,31.8,1384.0,305.0,304.0,307.0,306.5
815,0.16,12.94,31.91,1384.0,307.0,304.0,308.0,308.0
816,0.16,12.94,32.03,1377.0,307.0,305.0,308.5,308.5
817,0.16,13.33,32.07,1363.0,308.5,307.5,309.5,310.0
818,0.16,13.73,32.25,1361.0,309.0,309.0,310.5,310.5
819,0.08,7.84,32.23,1361.0,309.5,307.5,312.0,311.5
820,0.16,8.24,32.36,1301.0,310.5,310.5,311.5,311.5
821,0.08,12.16,32.48,1249.0,312.0,310.5,313.0,313.0
822,0.0,14.51,32.45,1254.0,311.5,310.5,312.5,312.5
823,0.08,15.29,32.52,1312.0,312.0,309.5,313.5,313.5
824,0.08,14.9,32.57,1343.0,313.0,311.5,314.5,315.0
825,0.08,10.59,32.67,1331.0,313.0,311.5,315.5,315.5
826,0.16,6.27,32.73,1247.0,314.0,313.0,316.0,315.5
827,0.08,6.67,32.81,1170.0,316.0,315.0,315.5,315.5
828,0.0,10.98,32.87,1135.0,315.5,314.5,316.5,316.5
829,0.0,14.51,32.79,1206.0,315.5,313.5,316.5,315.5
830,0.0,14.51,32.9,1235.0,314.5,313.0,317.5,317.0
831,0.08,0.0,32.9,1206.0,316.0,315.0,318.0,318.0
832,0.08,0.0,32.83,1088.0,317.0,315.5,317.0,317.5
833,0.0,0.0,32.81,1179.0,315.0,315.0,316.0,317.5
834,0.0,0.0,32.83,1174.0,314.5,314.0,315.5,316.0
835,-0.08,10.59,32.79,1153.0,316.0,315.0,315.0,315.0
836,-0.16,15.29,32.85,1242.0,315.0,315.0,316.0,315.5
837,0.0,0.0,32.83,1304.0,315.5,314.5,316.5,315.5
838,0.0,0.0,32.92,1230.0,315.5,317.5,316.0,317.5
839,0.0,0.0,32.88,1139.0,313.0,314.0,318.5,315.5
840,0.0,12.94,32.9,1125.0,315.0,315.0,315.0,315.0
841,-0.08,14.12,32.7,1221.0,314.0,313.0,319.5,320.0
842,0.0,0.0,33.06,1257.0,316.5,313.5,315.5,315.0
843,0.0,0.0,32.63,1149.0,316.0,312.5,317.0,322.0
844,0.0,0.0,32.62,1121.0,313.0,315.5,315.0,314.0
845,0.0,0.0,32.81,1098.0,315.0,314.5,315.0,314.5
846,-0.08,9.41,32.68,1102.0,314.5,315.0,314.0,314.0
847,-0.16,0.39,32.66,1209.0,314.0,313.0,314.0,313.5
848,-0.08,0.0,32.5,1168.0,313.0,312.5,311.0,312.0
849,-0.08,5.1,32.57,1106.0,313.5,312.5,313.5,314.0
850,-0.08,18.04,32.58,1145.0,312.5,313.0,313.0,313.0
851,-0.08,20.0,32.57,1321.0,312.0,311.5,313.5,313.5
852,0.0,12.55,32.62,1429.0,313.0,311.5,315.5,316.0
853,0.16,4.71,32.76,1401.0,314.0,314.0,315.0,315.5
854,0.08,17.65,32.81,1285.0,315.0,315.0,316.0,316.0
855,0.08,20.78,32.87,1273.0,315.0,315.5,317.5,316.5
856,0.08,18.43,32.99,1446.0,316.0,316.0,318.5,317.5
857,0.16,9.8,33.13,1491.0,317.5,315.5,318.5,318.5
858,0.24,12.16,33.14,1421.0,318.5,316.5,319.5,319.5
859,0.16,20.0,33.21,1370.0,319.5,317.0,319.5,320.0
860,0.16,8.63,33.27,1453.0,319.0,319.0,322.5,324.5
861,0.16,0.0,33.39,1398.0,321.5,319.5,321.5,322.0
862,0.08,0.0,33.38,1237.0,321.5,320.0,321.5,321.0
863,0.0,9.41,33.37,1156.0,321.0,320.5,321.5,320.5
864,0.0,10.59,33.36,1214.0,321.0,320.0,320.5,321.0
865,-0.08,9.41,33.37,1269.0,320.5,318.5,322.0,321.0
866,0.0,11.37,33.41,1266.0,321.0,319.0,322.0,322.0
867,0.0,19.22,33.47,1294.0,321.5,319.5,323.5,322.5
868,0.08,18.82,33.65,1321.0,321.5,321.0,325.0,324.0
869,0.16,0.0,33.77,1211.0,323.5,322.0,324.0,324.0
870,0.24,0.0,33.59,1156.0,324.0,323.5,325.5,325.5
871,0.0,0.0,33.54,1191.0,325.5,323.0,325.5,324.0
872,0.0,0.0,33.7,1211.0,323.5,321.0,324.0,323.5
873,0.0,0.0,33.54,1139.0,321.5,320.5,323.5,323.0
874,-0.08,0.0,33.48,1103.0,323.5,321.5,323.5,323.0
875,-0.08,0.0,33.48,1097.0,323.5,322.5,321.5,321.0
876,-0.16,0.0,33.44,1095.0,320.5,319.5,322.0,321.5
877,-0.08,0.0,33.27,1096.0,320.5,319.0,321.0,320.5
878,-0.16,0.0,33.27,1088.0,319.0,319.0,319.5,319.0
879,-0.16,0.0,33.22,1082.0,319.5,319.0,319.0,319.0
880,-0.16,0.0,33.16,1083.0,319.0,317.0,319.5,319.0
881,-0.16,0.0,33.08,1080.0,318.5,316.5,319.0,318.5
882,-0.16,0.0,33.14,1079.0,319.5,318.0,318.0,317.5
883,-0.16,0.0,33.06,1084.0,318.0,316.5,317.5,317.0
884,-0.08,0.0,32.92,1079.0,317.0,315.5,317.5,317.0
885,-0.08,0.0,32.86,1057.0,317.0,314.5,316.0,316.0
886,-0.16,0.0,32.85,999.0,316.0,315.0,316.5,316.0
887,-0.16,0.0,32.83,980.0,315.5,315.0,315.5,315.5
888,-0.16,0.0,32.7,923.0,315.0,313.5,314.5,315.0
889,-0.16,0.0,32.62,893.0,313.5,313.0,314.0,313.5
890,-0.16,0.0,32.53,854.0,313.0,312.5,312.5,312.5
891,-0.16,0.0,32.41,840.0,312.0,311.0,311.5,311.5
892,-0.16,0.0,32.32,828.0,311.0,310.5,311.0,311.5
893,-0.24,0.0,32.28,835.0,311.0,310.0,310.5,310.5
894,-0.16,0.0,32.21,839.0,309.5,309.0,309.5,310.0
895,-0.16,0.0,32.09,853.0,308.5,307.5,307.5,308.0
896,-0.16,0.0,31.97,863.0,308.5,307.5,307.0,307.5
897,-0.16,0.0,31.94,861.0,307.5,306.5,307.0,307.0
898,-0.16,0.0,31.78,865.0,305.0,305.0,306.5,306.5
899,-0.16,0.0,31.75,849.0,303.5,304.0,304.5,304.5
900,-0.16,0.0,31.65,855.0,304.0,304.0,304.5,304.5
901,-0.16,0.0,31.67,851.0,303.0,303.5,303.5,303.5
902,-0.16,0.0,31.48,834.0,302.5,301.5,302.0,302.5
903,-0.16,0.0,31.35,837.0,301.5,299.5,301.5,301.5
904,-0.16,0.0,31.25,831.0,300.5,300.5,300.0,300.0
905,-0.16,12.55,31.19,880.0,300.5,299.5,299.0,299.0
906,-0.16,20.0,31.1,992.0,298.5,298.0,299.5,299.0
907,-0.16,29.41,30.99,1383.0,297.0,297.0,299.5,299.5
908,0.16,30.98,31.35,1726.0,299.5,299.5,305.0,305.5
909,0.48,30.98,31.72,1836.0,302.0,302.5,306.0,306.0
910,0.72,19.22,31.94,1842.0,304.0,304.5,308.5,308.5
911,0.72,0.0,32.06,1552.0,308.0,308.0,309.0,309.0
912,0.32,0.0,32.11,1260.0,309.0,308.5,310.0,310.5
913,0.08,0.0,32.1,1125.0,308.5,307.0,308.5,308.0
914,0.0,3.14,32.01,1084.0,307.5,307.0,308.0,307.0
915,0.0,2.75,31.96,1099.0,306.5,306.5,307.0,306.5
916,-0.08,0.0,31.71,1128.0,306.0,304.5,306.5,306.5
917,-0.16,0.0,31.81,1127.0,306.0,304.5,306.5,306.0
918,-0.08,0.0,31.79,1082.0,304.5,304.0,305.5,305.0
919,-0.08,0.0,31.66,1016.0,304.5,304.0,305.0,305.0
920,-0.16,0.0,31.49,988.0,304.5,302.0,304.0,304.0
921,-0.16,0.0,31.52,934.0,303.0,302.0,303.0,302.5
922,-0.16,0.0,31.39,902.0,302.0,301.0,301.5,301.0
923,-0.16,0.0,31.3,855.0,301.0,300.0,300.0,299.5
924,-0.16,0.0,31.14,824.0,300.0,298.0,300.5,300.0
925,-0.16,0.0,31.07,812.0,298.5,297.5,298.5,298.0
926,-0.16,0.0,30.87,826.0,297.0,296.5,297.5,297.0
927,-0.08,0.0,30.83,841.0,296.5,295.5,295.5,295.5
928,-0.16,0.0,30.76,844.0,295.5,294.0,295.5,295.0
929,-0.16,0.0,30.63,849.0,294.5,293.0,293.5,293.5
930,-0.16,0.0,30.52,838.0,293.5,292.5,293.0,291.5
931,-0.08,0.0,30.37,829.0,291.5,290.5,291.5,291.5
932,-0.16,0.0,30.17,830.0,290.5,288.5,290.5,291.0
933,-0.16,0.0,30.07,827.0,290.5,289.0,290.5,289.0
934,-0.16,0.0,30.08,823.0,290.0,289.0,289.0,289.0
935,-0.16,0.0,29.99,829.0,287.5,286.5,287.5,288.0
936,-0.24,0.0,29.78,839.0,285.0,284.5,285.5,286.0
937,-0.24,0.0,29.55,826.0,283.5,284.5,282.5,283.0
938,-0.48,0.0,29.29,831.0,282.0,281.5,281.0,282.0
939,-0.56,0.0,29.14,832.0,279.0,277.5,279.0,279.0
940,-0.48,0.0,28.83,821.0,276.5,278.5,276.0,278.0
941,-0.56,0.0,28.66,831.0,275.0,275.5,275.5,275.5
942,-0.48,0.0,28.56,830.0,274.5,274.0,273.5,274.5
943,-0.48,0.0,28.54,829.0,273.0,272.5,272.5,272.5
944,-0.24,0.0,28.27,821.0,271.5,270.0,272.0,271.5
945,-0.16,0.0,28.17,823.0,270.0,270.0,270.5,270.5
946,-0.24,0.0,28.06,822.0,269.5,268.5,269.0,269.0
947,-0.32,0.0,27.93,813.0,268.5,266.0,268.5,267.5
948,-0.32,0.0,27.66,811.0,265.0,265.0,266.0,265.0
949,-0.48,0.0,27.44,820.0,263.5,262.5,264.0,264.0
950,-0.32,0.0,27.28,816.0,262.5,262.0,262.5,262.5
951,-0.32,0.0,27.2,808.0,262.0,261.0,261.0,261.5
952,-0.24,0.0,27.1,816.0,260.0,260.0,260.0,260.5
953,-0.24,0.0,27.03,808.0,260.0,258.5,258.5,258.0
954,-0.32,0.0,26.8,808.0,257.0,255.5,257.0,256.5
955,-0.32,0.0,26.59,797.0,254.0,254.0,256.0,255.0
956,-0.32,0.0,26.33,802.0,254.0,251.0,252.5,251.0
957,-0.48,0.0,26.22,785.0,252.5,248.5,251.5,251.5
958,-0.48,0.0,26.0,788.0,250.5,250.5,249.0,250.0
959,-0.48,0.0,25.92,790.0,248.0,247.0,247.0,248.0
960,-0.48,0.0,25.66,791.0,246.0,245.0,247.0,246.5
961,-0.48,0.0,25.55,790.0,245.0,244.5,245.5,244.5
962,-0.32,0.0,25.4,803.0,243.5,243.0,244.0,243.0
963,-0.32,0.0,25.22,799.0,242.5,241.5,242.0,241.5
964,-0.56,0.0,25.08,802.0,240.0,238.0,240.5,240.5
965,-0.56,0.0,24.84,796.0,238.5,238.5,239.0,238.5
966,-0.64,0.0,24.66,793.0,236.5,235.5,237.0,236.5
967,-0.64,0.0,24.46,782.0,235.0,234.0,234.0,233.0
968,-0.64,0.0,24.28,791.0,232.0,231.5,233.0,232.0
969,-0.64,0.0,24.0,791.0,229.5,230.0,230.0,229.5
970,-0.64,0.0,23.8,783.0,228.5,227.5,227.5,228.0
971,-0.72,0.0,23.57,784.0,226.5,225.5,226.0,225.5
972,-0.72,0.0,23.4,786.0,224.5,223.0,223.5,223.5
973,-0.72,0.0,23.18,776.0,222.0,221.0,221.5,221.5
974,-0.72,0.0,22.98,775.0,220.0,219.0,220.0,220.0
975,-0.72,0.0,22.77,773.0,218.0,217.0,218.5,217.5
976,-0.72,0.0,22.56,770.0,216.0,215.5,215.0,215.0
977,-0.88,0.0,22.21,770.0,213.0,211.5,213.5,212.5
978,-0.72,0.0,21.98,760.0,210.0,209.5,209.5,209.0
979,-0.72,0.0,21.62,755.0,207.0,206.0,207.0,207.5
980,-0.72,0.0,21.31,751.0,205.0,204.5,204.5,204.5
981,-0.96,0.0,21.05,744.0,201.5,201.0,201.5,202.0
982,-0.88,0.0,20.82,744.0,199.0,199.0,199.5,199.5
983,-0.88,0.0,20.56,743.0,196.5,195.5,197.0,196.5
984,-0.88,0.0,20.29,743.0,194.5,194.0,195.0,194.5
985,-0.88,0.0,20.05,737.0,192.5,191.5,192.5,192.5
986,-0.88,0.0,19.85,730.0,190.0,188.5,189.5,189.0
987,-0.88,0.0,19.61,727.0,188.0,187.5,188.0,188.0
988,-0.88,0.0,19.36,723.0,184.5,184.5,185.5,185.5
989,-0.88,0.0,19.05,721.0,181.5,182.5,182.0,182.5
990,-0.88,0.0,18.77,717.0,178.0,179.0,178.5,179.5
991,-0.96,0.0,18.43,712.0,175.0,176.0,175.0,175.5
992,-1.12,0.0,18.07,705.0,171.5,172.0,171.5,173.5
993,-1.12,0.0,17.72,700.0,168.5,169.0,168.0,169.0
994,-1.2,0.0,17.27,705.0,164.0,165.0,164.5,166.0
995,-1.12,0.0,16.94,714.0,161.5,162.0,161.5,162.0
996,-1.12,0.0,16.63,719.0,159.0,159.0,159.0,159.5
997,-1.04,0.0,16.34,727.0,155.5,156.0,155.5,156.0
998,-1.04,0.0,15.96,732.0,149.0,149.5,153.0,153.0
999,-1.12,0.0,15.66,735.0,149.5,148.5,149.0,149.0
1000,-1.12,0.0,15.32,736.0,145.5,145.0,146.0,146.0
1001,-1.2,0.0,14.93,737.0,141.0,141.5,142.0,142.0
1002,-1.2,0.0,14.58,741.0,138.0,137.5,135.0,136.0
1003,-1.36,0.0,13.9,740.0,132.5,132.0,133.0,133.5
1004,-1.44,0.0,13.58,748.0,128.0,128.0,126.5,127.5
1005,-1.6,0.0,12.96,746.0,123.5,123.0,123.0,123.0
1006,-1.6,0.0,12.55,747.0,118.0,118.5,118.5,118.5
1007,-1.6,0.0,12.1,758.0,115.0,114.0,113.5,113.5
1008,-1.84,0.0,11.48,800.0,107.5,106.0,106.5,106.0
1009,-1.84,0.0,10.77,847.0,100.5,100.5,101.0,100.5
1010,-1.84,0.0,10.08,855.0,95.0,94.0,94.5,94.0
1011,-1.84,0.0,9.6,850.0,90.0,90.0,89.5,88.5
1012,-1.76,0.0,9.0,842.0,84.5,84.5,84.5,84.0
1013,-1.6,0.0,8.56,827.0,80.5,80.0,80.5,79.5
1014,-1.76,0.0,8.05,806.0,75.0,75.0,75.0,75.0
1015,-1.6,0.0,7.56,787.0,70.0,69.5,70.5,70.0
1016,-1.6,0.0,7.05,773.0,66.5,66.0,66.5,66.0
1017,-1.44,0.0,6.71,747.0,62.5,62.5,62.5,62.5
1018,-1.36,0.0,6.17,712.0,58.0,58.0,58.5,58.0
1019,-1.2,0.0,5.89,697.0,55.5,54.5,55.5,55.0
1020,-1.04,0.0,5.65,683.0,52.5,53.0,53.0,52.5
1021,-0.88,0.0,5.32,681.0,50.0,49.5,50.0,50.0
1022,-0.88,0.0,5.09,684.0,47.5,47.0,47.5,47.5
1023,-0.96,0.0,4.75,687.0,44.0,44.0,43.5,43.5
1024,-1.04,0.0,4.36,690.0,40.0,40.5,40.0,40.0
1025,-1.04,0.0,4.07,693.0,38.0,38.0,37.0,37.0
1026,-0.96,0.0,3.78,696.0,35.0,35.0,35.0,35.0
1027,-0.96,0.0,3.52,696.0,32.5,32.5,32.5,32.5
1028,-0.88,0.0,3.14,688.0,29.0,28.5,29.0,29.0
1029,-0.96,0.0,2.87,682.0,26.5,26.5,26.5,26.0
1030,-0.88,0.0,2.6,669.0,24.0,24.0,24.0,24.0
1031,-0.96,0.0,2.36,668.0,21.5,21.5,21.5,22.0
1032,-0.96,0.0,2.03,660.0,18.5,18.0,18.5,18.0
1033,-0.96,0.0,1.78,659.0,16.0,15.5,15.5,16.0
1034,-0.96,0.0,1.53,653.0,13.5,13.5,13.0,13.0
1035,-1.04,0.0,1.27,648.0,11.0,10.5,10.5,11.0
1036,-1.04,0.0,0.0,644.0,9.0,8.5,8.0,8.5
1037,-1.04,0.0,0.0,637.0,6.0,6.0,6.0,6.5
1038,-0.96,0.0,0.0,638.0,0.0,0.0,0.0,0.0
1039,-0.96,0.0,0.0,630.0,0.0,0.0,0.0,0.0
1040,-0.64,0.0,0.0,628.0,0.0,0.0,0.0,0.0
1041,0.08,0.0,0.0,624.0,0.0,0.0,0.0,0.0
1042,-0.08,0.0,0.0,613.0,0.0,0.0,0.0,0.0
1043,0.0,0.0,0.0,611.0,0.0,0.0,0.0,0.0
1044,0.0,0.0,0.0,610.0,0.0,0.0,0.0,0.0
1045,-0.08,0.0,0.0,605.0,0.0,0.0,0.0,0.0
1046,0.0,0.0,0.0,605.0,0.0,0.0,0.0,0.0
1047,-0.08,0.0,0.0,609.0,0.0,0.0,0.0,0.0
1048,-0.08,0.0,0.0,610.0,0.0,0.0,0.0,0.0
1049,-0.08,0.0,0.0,607.0,0.0,0.0,0.0,0.0
1050,-0.08,0.0,0.0,611.0,0.0,0.0,0.0,0.0
1051,0.0,0.0,0.0,610.0,0.0,0.0,0.0,0.0
1052,-0.08,0.0,0.0,606.0,0.0,0.0,0.0,0.0
1053,-0.08,0.0,0.0,598.0,0.0,0.0,0.0,0.0
1054,-0.08,0.0,0.0,604.0,0.0,0.0,0.0,0.0
1055,-0.08,0.0,0.0,604.0,0.0,0.0,0.0,0.0
1056,-0.08,0.0,0.0,602.0,0.0,0.0,0.0,0.0
1057,-0.08,0.0,0.0,603.0,0.0,0.0,0.0,0.0
1058,0.08,2.75,0.0,603.0,0.0,0.0,0.0,0.0
1059,0.16,13.33,0.0,638.0,0.0,0.0,0.0,0.0
1060,0.24,12.94,0.0,758.0,0.0,0.0,0.0,0.0
1061,0.56,10.98,0.0,943.0,6.0,0.0,0.0,0.0
1062,0.96,10.98,0.0,1064.0,9.5,10.5,11.5,12.0
1063,1.12,14.51,1.48,1094.0,15.5,14.5,15.5,16.0
1064,1.2,17.25,1.98,1129.0,20.5,20.5,22.5,21.5
1065,1.36,18.43,2.56,1184.0,26.0,24.5,28.5,27.5
1066,1.44,20.39,3.16,1283.0,31.0,30.0,33.5,32.5
1067,1.76,21.18,3.83,1393.0,38.5,37.0,41.5,40.0
1068,2.0,20.78,4.58,1472.0,46.0,44.5,48.5,47.0
1069,2.32,20.78,5.6,1508.0,56.5,55.0,59.0,59.0
1070,2.32,20.78,6.58,1516.0,64.5,64.0,67.5,67.0
1071,2.32,20.78,7.4,1529.0,72.5,72.0,74.5,75.0
1072,2.24,20.78,8.16,1543.0,78.0,79.0,80.5,81.0
1073,2.24,21.18,8.8,1561.0,84.5,87.0,87.0,88.5
1074,2.0,21.18,9.4,1578.0,89.5,93.0,92.0,95.0
1075,1.92,21.18,10.2,1600.0,95.5,101.5,99.0,104.0
1076,1.76,21.18,10.86,1625.0,101.0,107.0,104.0,109.5
1077,1.76,20.39,11.42,1641.0,107.0,112.0,109.0,114.5
1078,1.76,18.82,11.86,1651.0,113.0,116.5,114.5,119.5
1079,1.76,18.82,12.46,1645.0,119.0,121.0,121.5,123.0
1080,1.36,16.47,13.09,1652.0,124.0,126.0,127.5,128.5
1081,1.36,12.16,13.55,1634.0,127.5,132.5,130.5,134.0
1082,1.2,12.16,13.95,1558.0,133.0,137.5,132.5,137.5
1083,0.72,9.8,14.27,1573.0,136.5,141.0,134.0,139.5
1084,0.08,10.98,14.72,1586.0,137.0,144.5,140.5,143.0
1085,0.0,13.33,14.88,1630.0,140.5,145.5,141.0,148.0
1086,0.24,14.12,15.15,1690.0,141.0,148.0,143.0,150.0
1087,0.48,13.73,15.3,1703.0,142.5,150.0,143.0,153.5
1088,0.56,11.37,15.34,1685.0,142.0,151.0,144.0,151.5
1089,0.64,11.37,15.48,1677.0,144.0,154.0,145.0,154.0
1090,0.48,11.37,15.68,1694.0,147.0,155.5,147.0,156.0
1091,0.24,11.37,15.91,1726.0,149.0,158.0,148.5,156.5
1092,0.16,10.2,16.03,1733.0,149.0,160.5,150.0,158.5
1093,0.16,10.59,16.12,1727.0,149.0,161.5,149.0,160.5
1094,0.0,14.9,16.25,1727.0,151.5,163.0,152.0,163.5
1095,0.0,15.69,16.56,1660.0,152.5,165.0,155.0,167.0
1096,0.24,15.69,16.7,1509.0,155.5,168.0,156.0,168.5
1097,0.48,14.12,16.92,1410.0,157.0,169.0,157.0,171.0
1098,0.56,13.33,17.09,1349.0,158.0,171.5,159.0,171.0
1099,0.24,14.9,17.3,1322.0,162.5,175.0,161.5,174.0
1100,0.08,14.9,17.65,1329.0,164.0,177.0,165.0,178.0
1101,0.16,15.29,17.81,1353.0,166.0,178.5,167.0,178.5
1102,0.16,16.08,18.09,1383.0,168.0,180.5,166.5,177.5
1103,0.16,16.08,18.25,1394.0,168.0,182.0,168.5,182.0
1104,0.24,17.25,18.27,1412.0,170.5,183.5,171.5,183.5
1105,0.24,18.43,18.57,1443.0,173.0,184.0,172.5,185.0
1106,0.32,19.61,18.77,1482.0,172.5,186.0,175.0,187.0
1107,0.48,19.61,18.94,1531.0,175.5,188.5,177.0,189.0
1108,0.56,21.96,19.18,1572.0,177.5,190.5,181.0,193.0
1109,0.64,23.53,19.59,1615.0,181.0,194.0,183.5,195.5
1110,0.72,24.71,19.92,1691.0,184.5,197.0,188.0,199.0
1111,0.88,25.1,20.29,1741.0,188.5,200.0,192.5,203.0
1112,0.96,25.1,20.65,1771.0,192.0,202.5,196.0,206.5
1113,1.12,25.49,21.16,1791.0,197.5,208.0,201.0,210.0
1114,1.12,27.45,21.61,1801.0,201.5,211.5,205.5,213.5
1115,1.12,29.02,22.05,1829.0,206.0,214.5,210.5,218.0
1116,1.12,29.41,22.48,1868.0,211.0,218.0,215.0,220.5
1117,1.2,31.76,22.98,1869.0,217.0,220.5,221.0,225.5
1118,1.36,32.55,23.46,1906.0,222.5,226.0,227.5,230.0
1119,1.36,32.94,23.96,1916.0,226.5,229.0,230.5,233.0
1120,1.36,34.9,24.36,1929.0,231.5,233.0,236.5,236.5
1121,1.36,34.9,24.79,1943.0,235.5,236.5,240.5,241.5
1122,1.44,34.9,25.29,1937.0,240.0,241.5,244.5,245.5
1123,1.44,34.9,25.69,1914.0,245.0,244.5,249.0,250.0
1124,1.36,34.9,26.27,1928.0,250.5,249.5,254.0,254.5
1125,1.36,34.9,26.73,1937.0,254.5,254.5,260.0,260.0
1126,1.36,34.9,27.25,1939.0,259.0,258.0,263.5,264.0
1127,1.36,34.9,27.69,1942.0,263.5,263.0,267.5,267.5
1128,1.2,34.9,28.13,1949.0,269.0,267.0,273.5,272.5
1129,1.2,34.9,28.5,1962.0,272.0,270.5,276.5,276.0
1130,1.2,34.9,29.08,1946.0,277.0,276.0,281.5,281.0
1131,1.2,32.94,29.42,1941.0,280.5,280.5,284.5,284.0
1132,1.12,29.02,29.79,1939.0,283.5,283.0,287.5,288.0
1133,1.2,29.02,30.12,1921.0,286.5,286.5,291.0,290.5
1134,1.12,30.59,30.63,1929.0,292.0,291.5,297.5,296.5
1135,1.04,30.98,31.16,1942.0,297.0,296.0,303.0,302.5
1136,1.04,31.37,31.66,1940.0,302.0,300.0,306.5,306.0
1137,1.12,31.37,32.01,1910.0,304.5,304.0,310.0,309.5
1138,1.12,31.37,32.37,1892.0,308.5,308.0,312.5,312.5
1139,1.12,31.37,32.81,1876.0,312.0,312.0,317.0,317.0
1140,1.12,31.37,33.26,1900.0,317.5,316.5,322.0,322.0
1141,1.12,31.37,33.39,1908.0,319.5,319.0,325.0,324.0
1142,1.04,31.37,33.94,1934.0,323.0,323.0,328.0,327.0
1143,1.04,31.37,34.31,1956.0,326.0,327.0,331.0,331.5
1144,1.04,31.37,34.61,1976.0,330.0,329.0,335.0,335.5
1145,1.04,31.37,35.02,1997.0,333.5,332.5,338.0,338.0
1146,1.04,31.37,35.32,2003.0,337.0,335.5,343.0,343.0
1147,1.04,31.37,35.69,2023.0,339.5,340.0,344.0,344.5
1148,1.04,31.37,36.15,2056.0,343.5,343.5,348.0,349.0
1149,1.04,30.59,36.56,2080.0,348.0,347.5,353.0,353.0
1150,0.96,26.67,36.93,2105.0,352.5,351.5,356.5,356.0
1151,0.96,25.1,37.34,2125.0,355.5,354.5,360.0,360.0
1152,0.96,19.61,37.53,2135.0,358.0,356.5,362.5,361.5
1153,0.72,18.04,37.65,2134.0,361.0,359.0,363.5,363.5
1154,0.48,18.43,37.83,2154.0,362.5,362.0,364.5,364.5
1155,0.48,19.22,37.95,2184.0,363.5,362.5,365.5,365.5
1156,0.24,20.39,38.25,2292.0,365.5,364.0,369.0,369.0
1157,0.48,21.57,38.34,2278.0,366.0,366.5,371.0,370.5
1158,0.56,21.96,38.6,2307.0,368.0,368.0,372.5,372.5
1159,0.56,21.96,38.82,2316.0,371.5,369.5,374.5,374.0
1160,0.56,21.57,38.99,2323.0,373.0,370.5,376.5,375.0
1161,0.56,21.57,39.17,2329.0,375.0,373.0,378.0,377.5
1162,0.56,21.96,39.18,2345.0,375.5,374.5,377.5,377.0
1163,0.56,21.57,39.39,2273.0,377.0,376.0,380.0,379.5
1164,0.48,19.22,39.73,1837.0,378.5,378.5,381.0,382.0
1165,0.56,19.22,39.78,1598.0,382.0,380.0,383.5,382.5
1166,0.32,19.22,39.82,1512.0,382.0,380.0,384.5,383.5
1167,0.24,19.22,39.89,1488.0,383.0,381.0,386.0,384.5
1168,0.24,21.18,40.06,1510.0,383.5,382.0,386.0,384.5
1169,0.16,23.53,40.12,1533.0,384.5,383.0,388.0,387.5
1170,0.24,24.71,40.28,1572.0,386.0,384.5,387.5,387.5
1171,0.24,25.1,40.47,1627.0,386.0,385.5,389.5,389.5
1172,0.32,25.1,40.62,1642.0,388.0,387.5,391.5,391.5
1173,0.48,25.1,40.81,1635.0,390.0,389.5,392.5,393.0
1174,0.48,25.1,40.95,1631.0,392.0,389.5,395.5,395.0
1175,0.48,25.1,41.08,1622.0,393.0,391.0,397.5,396.5
1176,0.48,25.1,41.29,1606.0,395.0,393.5,399.5,398.0
1177,0.48,25.1,41.48,1585.0,396.5,394.0,401.0,399.5
1178,0.48,25.49,41.58,1580.0,398.0,397.0,401.5,401.5
1179,0.48,25.88,41.77,1573.0,400.5,399.0,403.5,403.0
1180,0.48,25.88,41.92,1576.0,401.0,400.5,404.0,404.5
1181,0.48,25.88,42.15,1538.0,403.5,402.0,406.0,406.0
1182,0.48,25.49,42.37,1446.0,405.0,404.5,408.5,408.0
1183,0.48,25.88,42.48,1453.0,406.5,405.5,409.5,409.5
1184,0.48,25.49,42.59,1454.0,408.0,407.0,411.0,412.0
1185,0.48,23.92,42.82,1465.0,409.0,408.5,413.5,412.5
1186,0.48,21.96,43.01,1465.0,412.0,409.5,414.0,414.5
1187,0.48,23.14,43.1,1468.0,413.0,410.5,414.5,415.0
1188,0.32,25.49,43.24,1477.0,414.0,411.5,418.5,418.0
1189,0.32,26.27,43.51,1480.0,415.0,413.0,418.5,418.0
1190,0.32,21.96,43.71,1490.0,417.0,414.5,419.0,419.5
1191,0.48,19.61,43.66,1490.0,418.0,416.0,420.5,420.5
1192,0.48,20.39,43.82,1498.0,419.0,417.0,422.5,422.0
1193,0.32,21.57,43.83,1497.0,420.0,418.5,423.5,423.0
1194,0.24,22.35,43.99,1502.0,421.0,420.0,425.5,425.5
1195,0.32,22.35,44.12,1512.0,422.5,422.0,426.0,425.5
1196,0.32,21.57,44.3,1519.0,423.5,423.0,428.5,428.0
1197,0.32,20.39,44.45,1523.0,426.0,424.5,428.5,427.5
1198,0.32,19.22,44.51,1525.0,427.0,425.5,430.0,429.0
1199,0.24,20.39,44.71,1528.0,428.5,426.0,431.0,431.5
1200,0.24,23.92,44.81,1533.0,429.0,426.5,432.0,431.5
1201,0.24,23.14,44.99,1539.0,430.5,428.5,433.5,434.0
1202,0.32,18.82,45.17,1538.0,432.5,430.0,435.0,435.0
1203,0.32,14.51,45.29,1535.0,435.0,432.0,435.0,435.0
1204,0.24,14.12,45.29,1541.0,433.5,433.0,436.0,435.5
1205,0.16,12.94,45.24,1548.0,434.5,433.5,437.0,437.0
1206,0.08,10.59,45.34,1557.0,435.5,434.5,434.5,434.0
1207,0.08,10.2,45.32,1641.0,436.0,434.0,437.0,436.5
1208,0.0,12.55,45.33,1607.0,435.5,434.5,436.5,435.5
1209,0.08,14.51,45.39,1626.0,435.0,434.5,436.5,436.0
1210,0.0,15.29,45.37,1662.0,435.0,434.5,438.0,436.5
1211,0.08,13.33,45.41,1655.0,436.0,435.0,438.0,438.0
1212,0.08,12.16,45.48,1633.0,436.5,435.0,437.5,437.5
1213,0.08,14.9,45.43,1635.0,435.5,435.0,437.5,437.0
1214,0.0,14.9,45.53,1600.0,436.0,434.5,438.5,438.0
1215,0.08,13.33,45.57,1449.0,436.5,435.0,438.5,438.5
1216,0.08,10.98,45.55,1299.0,437.0,436.0,438.5,438.5
1217,0.0,12.55,45.54,1271.0,437.0,436.0,438.5,438.0
1218,0.0,14.51,45.58,1284.0,437.0,436.5,439.0,437.0
1219,0.0,14.9,45.55,1309.0,437.0,437.0,438.5,439.5
1220,0.0,14.12,45.65,1325.0,437.5,436.5,439.5,439.5
1221,0.0,13.33,45.6,1316.0,437.5,436.0,439.5,439.0
1222,0.0,14.9,45.66,1303.0,437.5,437.0,439.5,439.0
1223,0.0,16.08,45.66,1310.0,438.5,436.0,439.5,439.5
1224,0.0,16.47,45.7,1329.0,438.5,436.5,440.0,440.0
1225,0.0,17.25,45.73,1332.0,438.5,436.5,440.0,439.5
1226,0.08,18.04,45.77,1332.0,438.5,436.5,440.0,439.5
1227,0.08,19.22,45.86,1315.0,439.5,437.0,441.0,441.5
1228,0.08,20.0,45.88,1305.0,440.5,437.0,441.5,442.0
1229,0.16,20.0,46.01,1272.0,440.5,438.5,442.5,442.5
1230,0.16,18.43,46.1,1202.0,440.5,439.5,442.5,442.5
1231,0.16,16.47,46.08,1185.0,441.0,439.0,443.0,442.5
1232,0.16,17.25,46.08,1181.0,441.5,439.0,443.5,443.5
1233,0.08,18.82,46.09,1179.0,442.0,440.0,444.0,443.5
1234,0.08,18.82,46.15,1180.0,442.5,441.0,445.0,445.0
1235,0.08,19.61,46.24,1182.0,444.0,440.5,445.0,445.0
1236,0.08,20.0,46.28,1184.0,444.0,441.0,446.0,445.5
1237,0.16,20.0,46.32,1183.0,444.0,442.0,445.5,446.0
1238,0.08,16.86,46.37,1187.0,444.5,442.5,448.0,448.0
1239,0.08,15.29,46.43,1193.0,445.5,442.5,447.5,447.0
1240,0.08,15.29,46.41,1190.0,446.0,444.0,448.0,448.0
1241,0.08,16.47,46.52,1195.0,446.5,445.0,447.5,447.5
1242,0.08,18.43,46.55,1192.0,446.0,444.5,448.0,448.0
1243,0.08,19.61,46.63,1196.0,447.0,445.0,448.0,447.5
1244,0.08,21.18,46.59,1197.0,446.0,444.5,449.0,448.5
1245,0.16,21.18,46.67,1193.0,447.0,445.5,450.0,450.0
1246,0.16,17.65,46.7,1201.0,448.0,447.0,450.0,450.5
1247,0.08,13.33,46.77,1200.0,448.5,448.0,450.0,451.0
1248,0.08,12.55,46.79,1195.0,448.5,446.5,450.0,449.5
1249,0.0,12.55,46.78,1199.0,449.0,446.5,451.0,450.5
1250,0.0,17.65,46.84,1205.0,449.0,448.0,451.5,451.5
1251,0.0,15.69,46.79,1199.0,449.0,447.0,451.0,451.0
1252,0.0,13.33,46.81,1196.0,449.5,448.5,451.0,451.0
1253,0.08,12.16,46.9,1198.0,449.0,449.0,451.5,451.5
1254,0.0,12.16,46.88,1199.0,450.0,448.5,450.5,451.0
1255,0.0,12.16,46.86,1200.0,450.0,448.5,451.0,450.5
1256,0.0,10.2,46.88,1201.0,449.0,448.0,450.5,450.5
1257,0.0,5.49,46.83,1194.0,449.5,448.5,449.5,449.5
1258,0.0,5.1,46.74,1193.0,449.5,446.5,449.5,449.5
1259,0.0,5.1,46.68,1198.0,448.5,446.5,449.0,449.0
1260,0.0,4.71,46.66,1195.0,448.5,446.0,449.0,448.5
1261,0.0,4.31,46.58,1189.0,447.5,445.0,448.5,448.0
1262,0.0,4.31,46.46,1191.0,447.0,445.0,447.5,447.0
1263,-0.08,5.49,46.46,1190.0,446.5,444.0,447.0,447.0
1264,-0.08,6.67,46.36,1188.0,445.5,443.5,446.5,446.0
1265,0.0,7.45,46.3,1187.0,445.0,442.5,446.0,446.0
1266,-0.08,10.98,46.3,1185.0,445.0,443.5,445.5,445.5
1267,0.0,11.37,46.26,1184.0,444.5,442.5,445.0,445.0
1268,0.0,11.76,46.22,1181.0,443.5,442.0,444.0,444.0
1269,0.0,11.76,46.14,1179.0,443.0,440.5,443.5,442.5
1270,0.0,9.41,46.09,1183.0,443.0,440.5,445.0,444.0
1271,0.0,7.06,46.05,1177.0,441.5,440.0,444.0,443.0
1272,0.0,7.06,46.03,1181.0,442.5,440.5,444.0,443.5
1273,0.0,7.06,46.04,1182.0,441.5,439.0,442.5,442.0
1274,0.0,7.45,45.96,1177.0,442.0,438.5,442.5,443.0
1275,0.0,7.06,45.97,1179.0,442.0,440.5,442.0,442.0
1276,0.0,6.67,45.98,1174.0,441.5,440.5,442.0,442.5
1277,0.0,5.49,45.91,1173.0,440.0,439.5,441.0,440.5
1278,0.0,5.49,45.79,1169.0,440.0,439.5,440.5,439.5
1279,-0.08,5.49,45.75,1172.0,439.5,439.5,440.5,440.0
1280,-0.08,5.49,45.68,1167.0,439.5,438.5,440.5,439.5
1281,0.0,5.49,45.64,1167.0,438.5,438.0,439.0,439.0
1282,-0.08,5.49,45.6,1172.0,438.5,436.5,439.0,439.0
1283,-0.08,1.57,45.5,1166.0,437.0,435.0,439.0,438.0
1284,0.0,0.0,45.42,1163.0,436.5,434.5,437.5,437.5
1285,0.0,0.0,45.39,1158.0,436.0,434.0,437.0,436.5
1286,-0.08,0.0,45.34,1139.0,436.5,434.5,436.5,435.5
1287,-0.08,0.0,45.28,1139.0,435.0,434.0,435.5,435.5
1288,-0.08,0.0,45.14,1116.0,435.0,433.5,434.5,435.0
1289,-0.16,0.0,45.06,1111.0,434.0,432.0,433.5,434.0
1290,-0.16,0.0,44.99,1107.0,433.0,432.0,432.5,432.0
1291,-0.16,0.0,44.93,1099.0,431.5,431.0,432.0,431.5
1292,-0.16,0.0,44.75,1095.0,431.5,429.5,431.0,430.0
1293,-0.24,0.0,44.59,1089.0,428.5,428.5,429.0,428.5
1294,-0.32,0.0,44.4,1083.0,426.5,423.5,426.0,426.0
1295,-0.48,0.0,44.1,1078.0,424.0,422.5,424.5,423.5
1296,-0.48,0.0,43.91,1068.0,422.5,419.5,423.0,422.0
1297,-0.48,0.0,43.73,1068.0,421.0,418.0,421.0,420.5
1298,-0.48,0.0,43.51,1065.0,418.5,415.5,419.0,418.5
1299,-0.48,0.0,43.3,1066.0,417.0,415.5,417.5,417.0
1300,-0.48,0.0,43.15,1062.0,416.0,413.5,415.5,414.5
1301,-0.56,0.0,43.06,1062.0,413.5,412.5,414.0,413.0
1302,-0.48,0.0,42.86,1059.0,412.0,411.5,412.5,411.5
1303,-0.32,0.0,42.76,1048.0,411.0,410.5,410.5,410.0
1304,-0.32,0.0,42.58,1047.0,408.5,408.5,409.5,408.5
1305,-0.48,0.0,42.38,1042.0,407.0,405.5,407.0,406.0
1306,-0.56,0.0,42.09,1039.0,404.0,403.5,404.5,403.5
1307,-0.64,0.0,41.76,1035.0,401.5,401.0,402.0,401.5
1308,-0.64,0.0,41.56,1027.0,399.5,399.0,399.5,399.0
1309,-0.64,0.0,41.38,1021.0,397.5,395.5,397.5,396.0
1310,-0.64,0.0,41.04,1015.0,394.5,393.0,395.0,393.5
1311,-0.64,0.0,40.81,1003.0,392.0,390.5,391.5,391.5
1312,-0.56,0.0,40.62,998.0,390.0,389.0,390.0,389.5
1313,-0.48,0.0,40.42,997.0,389.0,387.0,388.5,388.0
1314,-0.48,0.0,40.22,991.0,386.5,385.0,386.0,386.0
1315,-0.48,0.0,40.05,976.0,385.0,382.0,385.5,384.0
1316,-0.48,0.0,39.8,971.0,382.5,380.0,382.5,382.0
1317,-0.56,0.0,39.56,966.0,380.0,377.0,380.5,379.0
1318,-0.56,0.0,39.27,966.0,377.5,374.0,378.0,376.0
1319,-0.64,0.0,39.0,959.0,375.0,373.0,376.0,374.0
1320,-0.64,0.0,38.8,956.0,373.0,370.0,373.0,372.0
1321,-0.56,0.0,38.67,953.0,372.0,369.0,371.5,370.0
1322,-0.48,0.0,38.43,947.0,369.5,368.0,370.0,367.0
1323,-0.32,0.0,38.18,946.0,367.0,365.0,368.0,365.5
1324,-0.64,0.0,37.98,941.0,365.5,362.5,365.0,363.5
1325,-0.64,0.0,37.72,933.0,363.0,361.0,363.0,361.5
1326,-0.56,0.0,37.54,929.0,361.5,358.0,360.5,359.5
1327,-0.48,0.0,37.38,921.0,360.0,356.5,360.0,357.5
1328,-0.48,0.0,37.25,916.0,359.0,357.0,359.0,356.5
1329,-0.32,0.0,37.15,910.0,357.5,355.0,357.0,355.5
1330,-0.48,0.0,36.94,904.0,355.5,352.5,355.0,354.5
1331,-0.48,0.0,36.74,901.0,352.5,351.0,353.5,352.0
1332,-0.56,0.0,36.54,892.0,351.0,349.5,351.0,350.0
1333,-0.56,0.0,36.33,888.0,349.5,347.5,348.5,348.0
1334,-0.64,0.0,36.09,882.0,346.5,344.5,346.0,345.5
1335,-0.64,0.0,35.82,878.0,344.5,341.5,344.0,344.0
1336,-0.64,0.0,35.51,872.0,341.0,337.0,341.0,340.5
1337,-0.72,0.0,35.23,870.0,338.5,338.5,338.5,339.0
1338,-0.64,0.0,35.08,862.0,335.5,336.5,335.5,336.5
1339,-0.72,0.0,34.78,855.0,332.0,332.5,332.5,334.5
1340,-0.72,0.0,34.47,851.0,330.0,330.5,330.0,332.0
1341,-0.72,0.0,34.18,850.0,328.0,326.5,327.0,328.0
1342,-0.72,0.0,33.78,836.0,323.0,322.5,323.0,324.5
1343,-0.96,0.0,33.47,841.0,320.0,324.0,319.5,320.5
1344,-1.04,0.0,32.99,904.0,315.0,316.5,315.0,315.5
1345,-1.04,0.0,32.63,961.0,311.5,311.0,311.0,311.0
1346,-1.12,0.0,32.21,1008.0,309.0,306.5,308.5,309.0
1347,-1.12,0.0,31.74,1081.0,303.0,303.0,303.5,303.5
1348,-1.44,0.0,31.37,1163.0,298.5,298.5,299.0,300.0
1349,-1.44,0.0,30.87,1121.0,295.0,294.5,294.5,295.5
1350,-1.36,0.0,30.36,1056.0,289.5,289.5,289.5,289.5
1351,-1.36,0.0,29.89,1011.0,285.5,285.5,285.5,285.5
1352,-1.2,0.0,29.46,956.0,281.0,281.0,280.5,280.5
1353,-1.12,0.0,29.08,929.0,278.5,277.0,278.0,277.5
1354,-1.12,0.0,28.63,900.0,274.5,274.0,274.5,274.0
1355,-1.04,0.0,28.24,868.0,269.5,268.5,268.5,268.0
1356,-1.12,0.0,27.74,829.0,265.0,264.5,264.5,265.5
1357,-1.12,0.0,27.33,803.0,261.0,260.5,261.0,261.5
1358,-1.12,0.0,26.93,797.0,258.0,257.0,257.0,257.0
1359,-1.12,0.0,26.55,799.0,254.0,252.5,253.5,253.5
1360,-1.04,0.0,26.31,810.0,251.5,251.5,252.0,252.0
1361,-0.48,0.0,26.09,811.0,250.0,250.5,250.0,251.0
1362,-0.16,3.53,26.02,819.0,249.5,249.5,249.5,250.5
1363,-0.16,9.41,25.91,876.0,248.5,249.0,249.0,249.5
1364,-0.08,15.69,25.88,979.0,248.5,248.0,248.0,249.0
1365,-0.08,18.04,25.84,1127.0,248.0,247.5,250.5,250.5
1366,0.0,18.43,26.01,1220.0,248.5,249.0,250.0,250.5
1367,0.08,20.39,26.07,1314.0,249.5,249.0,251.5,251.5
1368,0.16,21.96,26.23,1449.0,250.5,250.0,254.0,254.0
1369,0.32,23.53,26.41,1520.0,253.0,252.5,255.5,255.0
1370,0.48,24.71,26.71,1586.0,255.5,253.5,257.5,258.0
1371,0.56,25.49,26.95,1635.0,257.5,256.5,260.0,260.0
1372,0.64,26.27,27.2,1675.0,260.5,260.0,264.0,264.0
1373,0.64,27.06,27.51,1704.0,263.0,261.5,266.0,266.5
1374,0.72,27.06,27.82,1719.0,266.0,265.0,269.5,269.5
1375,0.72,27.06,28.1,1736.0,268.5,267.5,271.5,272.0
1376,0.72,27.06,28.37,1738.0,271.5,269.5,273.5,274.0
1377,0.72,27.06,28.64,1733.0,273.0,273.0,277.0,276.0
1378,0.72,25.49,28.84,1742.0,276.0,275.5,279.0,278.5
1379,0.72,24.71,29.15,1735.0,278.0,277.5,281.0,281.0
1380,0.72,24.71,29.33,1711.0,281.0,280.0,284.0,283.5
1381,0.72,21.57,29.52,1686.0,282.5,280.5,285.0,285.0
1382,0.56,18.82,29.79,1614.0,285.0,284.0,287.5,287.5
1383,0.56,18.43,29.98,1534.0,286.5,285.5,289.0,289.5
1384,0.48,19.61,30.06,1497.0,288.5,287.5,290.5,290.5
1385,0.32,19.61,30.25,1499.0,289.5,289.0,292.0,291.5
1386,0.32,18.04,30.39,1512.0,291.0,289.5,293.0,293.0
1387,0.32,15.69,30.48,1492.0,292.5,292.0,294.5,294.0
1388,0.32,15.69,30.65,1462.0,293.5,292.5,295.5,295.0
1389,0.24,14.51,30.71,1436.0,294.0,293.5,296.0,296.5
1390,0.24,12.16,30.81,1407.0,294.5,294.5,297.0,297.0
1391,0.24,7.06,30.88,1362.0,296.0,295.5,297.5,297.0
1392,0.16,12.94,30.88,1278.0,296.5,295.0,297.5,297.5
1393,0.08,16.86,30.94,1282.0,296.5,296.5,298.0,298.5
1394,0.08,18.43,30.99,1337.0,297.5,297.0,299.0,299.5
1395,0.16,18.43,31.11,1426.0,298.0,297.0,300.5,300.5
1396,0.16,18.43,31.3,1464.0,300.0,298.5,302.0,302.0
1397,0.32,18.43,31.44,1420.0,300.0,300.5,303.0,303.5
1398,0.32,16.08,31.54,1391.0,302.5,302.0,305.0,304.5
1399,0.32,14.51,31.69,1365.0,303.5,302.0,305.0,305.0
1400,0.24,15.29,31.77,1306.0,304.5,303.0,306.0,306.0
1401,0.24,15.69,31.88,1279.0,306.0,304.5,307.5,307.5
1402,0.16,15.29,31.96,1283.0,306.0,306.0,308.5,308.0
1403,0.16,16.86,32.03,1278.0,307.5,306.5,309.0,309.0
1404,0.24,15.29,32.14,1254.0,308.5,307.0,310.0,309.5
1405,0.24,11.37,32.27,1200.0,309.0,308.0,310.0,310.5
1406,0.24,7.06,32.26,1079.0,310.0,309.0,311.0,310.5
1407,0.08,9.41,32.45,1107.0,311.0,310.5,311.5,311.5
1408,0.08,11.76,32.44,1116.0,311.5,310.0,312.5,312.5
1409,0.08,11.76,32.5,1105.0,311.0,311.0,313.0,313.5
1410,0.08,10.2,32.5,1104.0,313.0,312.0,313.5,313.5
1411,0.08,13.33,32.5,1110.0,312.0,312.0,314.0,314.0
1412,0.08,15.69,32.65,1120.0,313.5,313.0,315.0,315.0
1413,0.16,18.04,32.72,1121.0,313.5,312.5,316.0,315.5
1414,0.16,18.04,32.81,1117.0,314.5,313.5,316.5,317.0
1415,0.16,18.04,32.96,1126.0,315.0,315.5,317.5,317.5
1416,0.24,18.04,33.1,1126.0,316.0,317.0,318.5,318.5
1417,0.24,18.04,33.18,1139.0,317.0,316.5,320.0,320.0
1418,0.32,17.65,33.23,1135.0,318.5,317.5,320.5,320.5
1419,0.24,17.25,33.36,1135.0,319.5,319.0,321.5,322.0
1420,0.24,14.51,33.49,1144.0,321.0,320.0,323.0,322.5
1421,0.24,12.55,33.61,1150.0,322.0,321.0,323.5,323.5
1422,0.16,12.94,33.63,1150.0,323.0,321.5,324.5,325.0
1423,0.16,14.51,33.72,1148.0,323.5,323.5,325.0,325.5
1424,0.16,14.9,33.83,1147.0,324.0,324.0,325.0,325.5
1425,0.16,9.02,33.89,1153.0,324.5,323.5,326.0,325.5
1426,0.24,7.45,33.92,1164.0,325.0,323.5,326.5,327.0
1427,0.16,0.78,33.88,1157.0,325.5,324.5,326.5,326.5
1428,0.0,0.78,33.88,1222.0,326.0,324.5,325.5,326.0
1429,0.0,1.96,33.89,1242.0,325.5,325.0,326.5,327.0
1430,0.0,1.96,33.94,1184.0,325.0,325.5,326.0,326.5
1431,0.0,4.71,33.78,1183.0,325.0,323.5,325.5,325.0
1432,0.0,7.06,33.74,1206.0,324.0,323.0,325.0,325.5
1433,0.0,9.02,33.73,1247.0,324.5,322.0,324.5,324.0
1434,0.0,10.59,33.77,1260.0,324.0,323.0,325.0,325.5
1435,0.0,13.33,33.81,1291.0,324.0,323.5,325.5,325.5
1436,0.0,13.33,33.85,1293.0,324.5,323.0,326.0,325.5
1437,0.08,13.33,33.9,1251.0,325.0,324.0,327.0,326.5
1438,0.08,13.33,34.03,1192.0,326.0,324.0,327.0,327.0
1439,0.16,9.41,34.05,1167.0,327.0,325.5,328.0,328.0
1440,0.16,7.84,34.04,1162.0,327.5,326.5,327.5,327.5
1441,0.08,5.88,34.09,1164.0,328.0,326.0,328.0,328.0
1442,0.08,5.88,34.12,1169.0,327.0,326.0,329.0,328.5
1443,0.0,7.06,34.1,1167.0,327.5,326.0,329.0,328.5
1444,0.0,9.02,34.14,1164.0,327.0,327.5,328.0,328.5
1445,0.0,9.02,34.19,1167.0,328.0,327.0,329.0,329.0
1446,0.0,9.02,34.19,1174.0,328.0,327.0,329.5,328.5
1447,0.08,7.45,34.19,1171.0,328.0,327.0,330.0,329.0
1448,0.0,7.45,34.21,1163.0,328.5,328.0,329.0,329.0
1449,0.0,7.45,34.27,1171.0,329.0,328.0,330.0,329.5
1450,0.0,4.71,34.29,1178.0,328.5,327.5,330.0,330.0
1451,0.0,0.0,34.21,1169.0,329.0,327.5,329.0,328.5
1452,0.0,0.0,34.2,1230.0,328.5,328.0,329.0,329.0
1453,0.0,0.0,34.12,1190.0,328.0,327.0,328.5,328.5
1454,0.0,0.0,34.1,1138.0,327.5,326.0,328.0,328.0
1455,-0.08,0.0,34.08,1104.0,327.5,326.0,327.0,326.5
1456,-0.08,0.0,33.98,1097.0,326.5,325.5,327.0,327.0
1457,-0.08,0.0,33.92,1093.0,325.0,325.5,325.5,325.5
1458,-0.08,0.0,33.83,1091.0,325.0,324.5,325.5,325.5
1459,-0.16,0.0,33.78,1091.0,324.5,323.5,325.0,324.5
1460,-0.08,0.0,33.7,1089.0,324.5,323.0,325.0,324.0
1461,-0.08,0.0,33.7,1097.0,324.0,323.0,324.0,324.0
1462,-0.08,0.0,33.62,1093.0,323.0,323.5,323.5,323.0
1463,-0.08,0.0,33.57,1087.0,323.0,321.5,323.0,322.5
1464,-0.08,0.0,33.52,1086.0,322.5,321.5,322.5,322.0
1465,-0.08,0.0,33.47,1089.0,322.5,321.5,322.0,322.0
1466,-0.16,0.0,33.4,1081.0,321.5,320.0,321.5,321.5
1467,-0.08,0.0,33.39,1078.0,320.5,320.5,320.5,320.5
1468,-0.08,0.0,33.29,1075.0,321.0,319.5,321.0,321.0
1469,-0.08,0.0,33.24,1017.0,319.5,318.5,320.0,319.5
1470,-0.16,0.0,33.19,991.0,319.0,318.0,319.5,319.0
1471,-0.16,0.0,33.17,944.0,318.5,318.5,318.5,319.5
1472,-0.16,0.0,33.08,893.0,318.5,317.5,318.0,318.5
1473,-0.16,0.0,33.04,866.0,317.5,316.0,317.0,317.0
1474,-0.16,0.0,32.9,855.0,316.5,315.5,317.0,316.5
1475,-0.16,0.0,32.89,853.0,316.0,316.0,315.5,316.0
1476,-0.16,0.0,32.76,842.0,315.0,314.5,316.0,315.0
1477,-0.16,0.0,32.73,848.0,314.5,313.5,315.0,315.0
1478,-0.16,0.0,32.67,844.0,314.0,313.0,314.0,314.0
1479,-0.16,0.0,32.63,847.0,313.5,313.0,313.0,314.0
1480,-0.16,0.0,32.55,858.0,313.0,312.5,312.5,313.0
1481,-0.16,0.0,32.53,857.0,312.0,311.0,312.5,312.0
1482,-0.16,0.0,32.43,865.0,312.0,311.5,312.0,312.0
1483,-0.16,0.0,32.4,855.0,311.5,311.0,311.5,311.5
1484,-0.16,0.0,32.34,858.0,311.5,310.0,311.0,311.0
1485,-0.16,0.0,32.27,853.0,311.0,309.5,310.5,310.5
1486,-0.16,0.0,32.21,850.0,310.5,309.0,309.5,309.5
1487,-0.16,0.0,32.16,845.0,309.0,308.5,308.5,309.0
1488,-0.16,0.0,32.08,845.0,309.0,307.0,309.0,308.5
1489,-0.16,0.0,32.01,847.0,307.5,306.5,308.0,307.5
1490,-0.16,0.0,31.96,857.0,307.5,306.5,307.0,307.0
1491,-0.16,0.0,31.81,849.0,306.0,305.0,306.0,305.5
1492,-0.24,0.0,31.72,851.0,305.0,303.5,305.0,304.5
1493,-0.32,0.0,31.62,848.0,304.0,303.0,303.5,303.0
1494,-0.32,0.0,31.46,847.0,302.5,301.0,302.5,302.0
1495,-0.32,0.0,31.35,851.0,300.5,299.5,300.5,300.5
1496,-0.48,0.0,31.17,849.0,299.5,299.5,299.0,299.5
1497,-0.48,0.0,31.01,848.0,297.5,296.5,298.0,298.0
1498,-0.48,0.0,30.85,853.0,295.0,295.0,295.5,295.5
1499,-0.56,0.0,30.64,851.0,294.5,294.0,294.0,294.0
1500,-0.56,0.0,30.47,844.0,292.5,292.0,292.0,292.0
1501,-0.56,0.0,30.26,829.0,290.5,289.5,290.0,290.0
1502,-0.64,0.0,30.06,833.0,289.5,288.0,288.5,288.5
1503,-0.56,0.0,29.88,839.0,286.5,286.0,287.0,286.0
1504,-0.56,0.0,29.66,844.0,285.0,283.5,284.0,283.5
1505,-0.72,0.0,29.46,841.0,281.5,281.5,281.0,281.0
1506,-0.88,0.0,29.12,843.0,279.0,278.5,279.0,279.5
1507,-0.88,0.0,28.86,831.0,277.0,276.0,275.5,275.5
1508,-0.96,0.0,28.5,831.0,273.0,272.0,272.5,273.0
1509,-0.96,0.0,28.17,824.0,269.0,269.5,269.0,268.5
1510,-0.96,0.0,27.79,813.0,266.0,265.0,265.5,266.0
1511,-0.96,0.0,27.37,807.0,263.0,262.0,262.5,262.0
1512,-0.96,0.0,27.1,812.0,260.0,258.0,259.0,259.0
1513,-0.96,0.0,26.79,811.0,257.0,255.0,256.0,255.5
1514,-0.96,0.0,26.43,806.0,253.5,253.0,253.5,253.0
1515,-0.96,0.0,26.13,799.0,251.0,249.0,250.5,250.5
1516,-0.96,0.0,25.87,804.0,247.5,247.0,247.5,248.0
1517,-1.04,0.0,25.58,797.0,244.5,243.5,245.0,245.0
1518,-0.96,0.0,25.26,792.0,241.5,241.5,241.5,241.5
1519,-0.96,0.0,24.9,786.0,238.5,237.0,238.5,237.5
1520,-0.96,0.0,24.56,786.0,236.0,235.5,235.0,235.0
1521,-0.96,0.0,24.23,785.0,232.0,230.5,232.0,231.5
1522,-1.04,0.0,23.8,781.0,227.5,227.0,227.0,226.5
1523,-1.36,0.0,23.29,783.0,222.0,221.0,221.0,221.0
1524,-1.44,0.0,22.71,774.0,217.5,216.5,216.0,215.5
1525,-1.6,0.0,22.21,765.0,211.5,211.0,210.5,211.0
1526,-1.52,0.0,21.76,761.0,207.5,207.0,206.5,205.5
1527,-1.52,0.0,21.25,751.0,202.0,201.0,202.0,201.5
1528,-1.52,0.0,20.65,742.0,197.0,196.0,196.0,196.0
1529,-1.52,0.0,20.05,736.0,191.0,190.0,190.5,191.0
1530,-1.52,0.0,19.6,728.0,187.5,186.5,186.0,187.0
1531,-1.44,0.0,19.16,716.0,182.5,182.0,182.5,181.5
1532,-1.44,0.0,18.69,701.0,178.5,177.0,177.5,178.0
1533,-1.44,0.0,18.12,695.0,172.5,171.5,172.5,172.5
1534,-1.44,0.0,17.68,691.0,167.5,167.5,167.0,167.5
1535,-1.44,0.0,17.2,686.0,164.0,163.5,163.5,163.0
1536,-1.44,0.0,16.7,683.0,159.0,157.5,158.5,158.5
1537,-1.44,0.0,16.19,691.0,154.5,154.0,154.0,154.5
1538,-1.44,0.0,15.75,700.0,150.0,149.5,149.0,149.0
1539,-1.44,0.0,15.22,715.0,144.5,144.0,144.5,144.5
1540,-1.36,0.0,14.83,728.0,141.0,140.0,140.5,140.5
1541,-1.2,0.0,14.43,735.0,136.5,135.5,137.0,136.5
1542,-1.2,0.0,13.64,745.0,129.5,129.0,129.5,129.5
1543,-1.2,0.0,13.24,747.0,126.0,125.5,126.0,126.0
1544,-1.2,0.0,12.73,750.0,121.0,120.5,120.5,120.5
1545,-1.2,0.0,12.33,751.0,116.0,116.0,116.5,116.5
1546,-1.2,0.0,11.9,770.0,112.5,112.0,112.0,111.0
1547,-1.36,0.0,11.37,810.0,108.0,107.0,107.0,107.5
1548,-1.44,0.0,10.77,855.0,101.5,101.0,101.0,101.0
1549,-1.52,0.0,10.27,861.0,96.5,96.0,96.0,96.5
1550,-1.52,0.0,9.67,857.0,91.0,91.0,90.5,90.5
1551,-1.52,0.0,9.18,836.0,86.5,85.5,85.5,85.5
1552,-1.52,0.0,8.58,814.0,80.5,80.5,80.5,80.5
1553,-1.44,0.0,8.07,789.0,75.5,75.5,75.0,75.5
1554,-1.44,0.0,7.53,774.0,70.5,70.5,70.5,70.0
1555,-1.36,0.0,7.11,767.0,66.5,66.5,66.5,66.5
1556,-1.2,0.0,6.66,739.0,62.0,62.0,62.5,62.0
1557,-1.12,0.0,6.24,709.0,58.5,58.5,58.5,58.5
1558,-1.04,0.0,5.94,696.0,55.5,55.5,55.5,56.0
1559,-0.96,0.0,5.66,684.0,52.5,52.0,52.5,52.5
1560,-0.88,0.0,5.27,680.0,49.5,49.5,49.5,49.5
1561,-0.88,0.0,4.96,680.0,46.5,46.5,46.5,46.5
1562,-0.88,0.0,4.69,680.0,44.0,44.5,44.0,44.0
1563,-0.72,0.0,4.5,684.0,41.5,41.5,42.0,42.0
1564,-0.72,0.0,4.23,691.0,39.5,39.5,39.5,40.0
1565,-0.64,0.0,3.93,696.0,37.0,36.5,36.5,36.5
1566,-0.72,0.0,3.68,696.0,34.5,34.5,34.5,34.5
1567,-0.72,0.0,3.45,695.0,32.0,32.0,32.0,32.0
1568,-0.64,0.0,3.25,686.0,30.5,30.5,30.5,30.5
1569,-0.48,0.0,3.11,683.0,29.0,29.0,29.0,29.0
1570,-0.24,0.0,2.98,683.0,28.0,28.0,27.5,27.5
1571,-0.24,0.0,2.85,673.0,27.0,27.0,27.5,27.5
1572,-0.24,0.0,2.77,665.0,26.0,26.0,26.5,26.5
1573,-0.16,0.0,2.7,663.0,25.0,25.0,25.0,25.0
1574,-0.16,0.0,2.61,652.0,25.0,25.0,25.0,25.0
1575,0.0,0.0,2.64,646.0,25.0,25.0,25.0,25.0
1576,0.08,0.0,2.67,642.0,26.0,26.0,26.0,26.0
1577,0.16,0.0,2.77,643.0,26.5,26.5,27.0,27.0
1578,0.16,0.0,2.85,638.0,27.5,27.5,27.5,28.0
1579,0.16,1.18,2.96,634.0,28.5,28.5,28.5,28.5
1580,0.16,1.96,3.04,657.0,29.5,29.0,30.0,29.5
1581,0.24,2.35,3.13,667.0,30.0,30.0,30.5,30.5
1582,0.24,3.14,3.25,688.0,31.0,31.5,31.5,31.5
1583,0.24,5.49,3.39,716.0,32.5,32.5,33.0,33.0
1584,0.24,7.45,3.52,766.0,34.0,34.0,34.5,34.5
1585,0.48,9.41,3.74,827.0,35.5,36.0,37.0,37.0
1586,0.48,9.8,3.93,902.0,37.5,38.0,39.0,39.0
1587,0.64,11.76,4.23,993.0,40.5,40.5,42.0,42.0
1588,0.72,13.73,4.54,1058.0,44.0,44.0,45.5,45.5
1589,0.96,15.29,4.92,1140.0,48.0,48.0,50.0,49.5
1590,1.12,15.69,5.47,1224.0,52.0,52.0,55.0,55.5
1591,1.36,15.69,5.87,1271.0,57.0,57.0,59.0,59.0
1592,1.44,15.69,6.38,1307.0,62.0,61.5,64.0,64.0
1593,1.52,15.69,6.96,1328.0,67.5,67.5,69.5,69.5
1594,1.52,15.69,7.51,1333.0,72.5,72.5,74.5,75.0
1595,1.44,15.69,8.02,1342.0,77.5,77.5,79.5,79.5
1596,1.36,15.69,8.55,1366.0,82.5,82.0,84.5,84.5
1597,1.36,15.69,9.01,1389.0,87.0,86.5,88.5,89.0
1598,1.36,15.69,9.44,1400.0,91.5,91.0,93.0,93.0
1599,1.36,14.51,9.9,1421.0,95.5,95.0,97.0,97.0
1600,1.2,9.8,10.28,1418.0,99.0,99.0,100.5,100.5
1601,1.12,10.98,10.64,1354.0,102.5,102.5,103.5,103.5
1602,0.96,14.51,10.89,1321.0,105.0,104.5,106.5,107.0
1603,0.64,17.25,11.24,1369.0,107.0,107.5,109.0,110.0
1604,0.64,18.04,11.56,1474.0,110.5,111.0,113.5,113.5
1605,1.04,18.04,12.06,1556.0,115.5,115.0,118.0,118.0
1606,1.2,18.04,12.57,1601.0,121.0,121.0,123.5,123.5
1607,1.2,18.04,13.05,1623.0,125.0,125.0,127.5,127.0
1608,1.2,18.04,13.48,1644.0,129.5,129.5,132.5,132.0
1609,1.2,18.04,13.86,1665.0,132.5,133.0,135.0,135.5
1610,1.2,18.04,14.37,1690.0,137.5,137.5,140.5,139.5
1611,1.12,9.8,14.85,1668.0,142.5,142.0,143.5,143.5
1612,0.96,8.24,14.98,1613.0,145.0,144.5,145.0,145.0
1613,0.56,9.41,15.17,1621.0,146.0,145.5,146.5,146.5
1614,0.32,10.59,15.32,1657.0,147.0,146.0,148.5,148.5
1615,0.24,11.37,15.52,1687.0,149.0,148.0,149.5,150.0
1616,0.32,12.16,15.71,1709.0,150.5,149.5,152.0,151.5
1617,0.48,12.16,15.85,1724.0,152.0,151.5,153.5,153.5
1618,0.48,12.16,15.98,1736.0,153.0,153.5,154.5,154.5
1619,0.32,12.16,16.08,1744.0,154.0,154.0,155.5,155.0
1620,0.32,12.55,16.26,1742.0,155.5,154.5,156.5,156.5
1621,0.24,12.55,16.41,1684.0,157.0,156.0,159.0,159.0
1622,0.48,12.55,16.63,1513.0,158.5,158.5,161.0,161.0
1623,0.64,12.55,16.79,1336.0,161.5,161.5,163.0,163.0
1624,0.56,12.94,17.0,1270.0,163.5,162.5,165.0,164.5
1625,0.32,12.94,17.19,1259.0,165.0,164.5,166.5,166.0
1626,0.32,12.94,17.37,1260.0,166.0,166.5,167.5,167.5
1627,0.32,14.51,17.54,1281.0,168.0,167.5,169.5,169.0
1628,0.32,15.69,17.7,1317.0,169.5,169.5,171.5,171.5
1629,0.48,17.65,17.95,1374.0,171.5,171.0,173.5,173.5
1630,0.56,18.43,18.16,1431.0,173.5,173.5,176.0,176.0
1631,0.64,18.43,18.43,1471.0,176.0,176.0,178.5,178.5
1632,0.72,16.47,18.69,1497.0,179.0,178.0,180.5,180.5
1633,0.72,0.0,18.89,1449.0,181.5,181.0,182.5,182.5
1634,0.64,0.0,19.05,1293.0,183.5,182.0,183.0,183.5
1635,0.32,0.0,19.08,1153.0,183.0,183.5,184.0,183.5
1636,0.08,0.0,19.13,1101.0,183.5,183.0,184.0,183.5
1637,0.0,0.0,19.09,1097.0,183.0,182.5,184.0,183.5
1638,0.0,0.0,19.06,1097.0,183.0,183.0,183.5,183.5
1639,0.0,0.0,19.07,1085.0,183.0,182.5,182.5,183.0
1640,0.0,1.57,19.0,1079.0,182.5,182.0,182.5,182.0
1641,0.0,4.31,18.98,1094.0,182.5,181.5,182.0,182.5
1642,0.0,6.67,18.94,1142.0,182.5,182.0,182.0,182.0
1643,-0.08,7.84,18.96,1210.0,181.5,181.5,183.5,184.0
1644,0.08,7.84,19.04,1195.0,182.5,182.0,183.0,183.0
1645,0.08,9.02,19.12,1195.0,183.5,182.5,184.0,184.0
1646,0.08,11.76,19.16,1222.0,183.5,183.5,184.5,185.0
1647,0.16,12.16,19.27,1252.0,184.5,184.5,186.0,185.5
1648,0.24,6.67,19.4,1283.0,186.0,185.0,186.0,187.0
1649,0.24,0.0,19.46,1258.0,186.5,186.5,188.0,188.0
1650,0.16,0.0,19.51,1169.0,187.5,186.5,187.5,188.0
1651,0.08,0.0,19.51,1130.0,187.5,187.5,187.5,188.0
1652,0.0,0.0,19.52,1121.0,187.5,187.0,187.5,188.0
1653,0.0,0.0,19.49,1104.0,186.5,187.0,187.5,187.5
1654,0.0,2.35,19.47,1087.0,186.5,186.5,187.0,187.0
1655,0.0,5.1,19.44,1094.0,187.0,186.0,186.5,187.0
1656,0.0,6.67,19.36,1144.0,186.5,186.0,186.5,186.5
1657,0.0,7.06,19.36,1219.0,186.5,185.0,188.5,188.5
1658,0.08,7.06,19.52,1237.0,186.0,186.0,186.5,187.0
1659,0.08,7.45,19.47,1206.0,187.0,186.5,188.0,188.0
1660,0.08,7.84,19.53,1220.0,187.5,188.0,188.0,188.5
1661,0.16,7.84,19.62,1228.0,189.0,187.5,189.0,189.5
1662,0.08,8.24,19.7,1233.0,189.0,189.0,190.0,190.0
1663,0.08,8.24,19.81,1241.0,189.5,189.0,190.5,190.5
1664,0.16,10.59,19.85,1248.0,190.0,189.5,191.5,191.0
1665,0.16,16.47,19.93,1281.0,191.0,190.5,193.0,192.5
1666,0.16,20.78,20.13,1359.0,192.0,192.0,194.5,195.0
1667,0.32,21.96,20.39,1497.0,194.0,193.5,198.0,197.0
1668,0.56,23.14,20.76,1543.0,198.0,196.5,200.0,200.5
1669,0.96,23.14,20.96,1488.0,200.5,200.5,204.0,203.5
1670,0.96,23.14,21.35,1430.0,203.5,203.0,207.0,207.0
1671,0.96,23.14,21.63,1405.0,207.5,207.0,210.5,209.5
1672,0.88,23.14,22.0,1431.0,210.5,209.0,212.5,212.5
1673,0.96,23.14,22.25,1452.0,213.5,213.0,216.0,216.0
1674,0.88,23.14,22.54,1451.0,215.0,214.5,218.0,218.0
1675,0.88,23.14,22.89,1462.0,218.5,218.0,222.0,222.0
1676,0.96,23.92,23.26,1461.0,222.5,221.0,225.5,225.5
1677,0.96,24.31,23.57,1489.0,225.0,224.5,229.0,228.5
1678,0.96,24.31,23.95,1510.0,229.0,227.5,232.0,232.0
1679,0.96,25.1,24.35,1532.0,232.5,232.5,235.5,235.5
1680,0.96,27.06,24.72,1542.0,236.0,235.5,239.0,239.5
1681,0.96,27.45,25.2,1568.0,241.0,239.0,243.5,244.0
1682,1.04,27.45,25.59,1587.0,244.5,243.5,248.5,248.5
1683,1.04,27.45,26.09,1598.0,248.0,247.5,253.0,252.5
1684,1.04,27.45,26.41,1606.0,253.0,251.5,256.0,256.0
1685,1.04,27.45,26.9,1595.0,256.0,256.5,261.0,260.0
1686,1.04,27.45,27.34,1628.0,260.5,259.5,264.0,263.5
1687,1.04,27.45,27.58,1613.0,264.0,263.5,268.5,269.0
1688,1.12,27.45,28.04,1607.0,268.0,267.5,272.5,272.5
1689,1.04,25.88,28.46,1617.0,271.5,271.0,274.5,275.0
1690,0.96,23.92,28.71,1643.0,274.5,274.5,279.0,279.5
1691,0.96,23.92,29.19,1646.0,278.0,278.5,281.5,282.0
1692,0.88,23.53,29.57,1686.0,282.5,282.5,286.0,286.0
1693,0.72,23.53,29.86,1707.0,285.5,285.5,288.5,289.5
1694,0.72,23.53,30.22,1721.0,288.5,289.0,291.5,293.0
1695,0.72,23.14,30.61,1745.0,291.5,292.5,295.0,297.0
1696,0.72,22.75,30.81,1758.0,293.0,295.0,298.0,298.5
1697,0.88,21.96,31.07,1762.0,295.5,297.0,299.5,301.0
1698,0.72,21.18,31.35,1782.0,298.0,299.5,302.0,303.0
1699,0.64,20.39,31.53,1801.0,300.5,302.0,304.5,305.0
1700,0.64,19.22,31.7,1807.0,302.5,303.0,306.0,306.5
1701,0.56,17.25,31.93,1814.0,304.5,305.5,306.5,308.0
1702,0.48,14.12,32.06,1821.0,306.0,307.0,309.0,309.5
1703,0.48,9.41,32.12,1819.0,308.0,307.5,309.5,309.5
1704,0.24,9.02,32.14,1822.0,309.0,307.5,309.5,309.5
1705,0.08,9.02,32.25,1835.0,310.5,308.0,310.0,309.5
1706,0.0,9.02,32.27,1904.0,310.0,308.5,310.5,310.5
1707,0.0,8.63,32.29,1896.0,310.0,309.5,310.5,311.0
1708,0.08,8.63,32.3,1892.0,309.0,310.0,310.5,311.5
1709,0.08,8.63,32.31,1897.0,310.0,309.0,311.0,311.5
1710,0.0,8.63,32.32,1898.0,310.0,309.0,310.5,310.0
1711,0.0,6.67,32.3,1894.0,310.0,308.5,310.5,310.0
1712,0.0,5.88,32.26,1878.0,311.0,309.5,310.5,310.0
1713,0.0,4.31,32.44,1780.0,310.5,310.0,311.5,311.0
1714,0.08,1.57,32.38,1393.0,310.5,310.0,312.5,312.0
1715,0.08,0.78,32.29,1131.0,312.0,310.0,311.0,310.5
1716,0.0,0.78,32.28,1059.0,310.5,309.0,309.0,308.0
1717,-0.08,0.0,32.21,1035.0,310.5,309.0,309.5,309.0
1718,-0.16,0.0,32.14,1016.0,310.0,308.5,309.5,308.5
1719,-0.16,0.0,32.05,970.0,309.0,307.5,309.0,308.0
1720,-0.16,0.0,31.99,910.0,307.5,306.0,307.5,306.5
1721,-0.16,0.0,31.91,897.0,307.0,305.0,307.0,306.5
1722,-0.16,0.0,31.83,865.0,306.5,306.0,306.5,306.0
1723,-0.16,0.0,31.76,841.0,306.0,304.5,306.0,305.0
1724,-0.16,0.0,31.72,842.0,305.5,303.0,305.0,304.5
1725,-0.16,0.0,31.62,845.0,304.5,302.0,304.0,303.5
1726,-0.16,0.0,31.54,854.0,304.0,302.5,303.0,303.5
1727,-0.16,0.0,31.47,848.0,303.0,302.0,303.0,302.5
1728,-0.16,0.0,31.39,849.0,302.0,300.0,302.0,302.0
1729,-0.16,0.0,31.3,849.0,302.0,300.0,301.5,301.0
1730,-0.16,0.0,31.27,852.0,300.0,299.5,300.0,299.5
1731,-0.16,0.0,31.01,838.0,298.0,296.5,298.0,297.0
1732,-0.56,0.0,30.66,841.0,294.0,292.5,293.5,292.5
1733,-0.88,0.0,30.35,840.0,291.5,289.0,290.0,289.0
1734,-0.96,0.0,30.01,842.0,287.5,286.5,286.5,286.5
1735,-1.04,0.0,29.61,834.0,284.5,282.5,284.5,283.0
1736,-1.04,0.0,29.17,830.0,279.5,278.5,279.0,278.5
1737,-1.12,0.0,28.73,823.0,276.0,272.5,275.5,274.0
1738,-1.2,0.0,28.26,820.0,270.5,270.0,269.5,269.0
1739,-1.36,0.0,27.79,814.0,266.0,265.5,265.5,265.0
1740,-1.36,0.0,27.37,814.0,262.0,260.0,261.0,260.5
1741,-1.44,0.0,26.88,806.0,257.5,256.0,256.5,256.5
1742,-1.44,0.0,26.35,808.0,251.5,251.5,250.5,251.5
1743,-1.52,0.0,25.82,808.0,246.0,245.5,246.0,246.5
1744,-1.6,0.0,25.26,803.0,241.5,240.5,241.0,241.0
1745,-1.6,0.0,24.72,788.0,237.0,235.5,235.0,235.5
1746,-1.6,0.0,24.16,787.0,231.0,230.0,229.0,229.5
1747,-1.6,0.0,23.56,782.0,224.5,224.5,223.5,224.0
1748,-1.6,0.0,23.11,781.0,220.0,219.0,219.0,220.0
1749,-1.6,0.0,22.49,772.0,213.5,213.5,212.5,213.0
1750,-1.6,0.0,21.89,761.0,208.0,208.5,208.0,208.5
1751,-1.76,0.0,21.28,748.0,202.0,201.5,202.0,202.0
1752,-1.76,0.0,20.7,737.0,196.5,197.0,196.0,196.0
1753,-1.6,0.0,20.12,733.0,191.5,191.0,191.0,191.0
1754,-1.52,0.0,19.7,728.0,187.5,186.5,186.5,187.0
1755,-1.36,0.0,19.16,716.0,182.0,182.0,182.5,182.0
1756,-1.2,0.0,18.74,705.0,178.5,178.5,178.5,179.0
1757,-1.04,0.0,18.45,698.0,176.0,175.0,176.0,175.5
1758,-0.96,0.0,18.09,695.0,172.5,172.5,173.5,173.5
1759,-0.88,0.0,17.89,693.0,171.5,171.0,171.5,172.0
1760,-0.64,0.0,17.81,699.0,170.5,170.0,170.0,170.0
1761,-0.24,0.0,17.67,704.0,169.0,169.5,170.5,170.0
1762,-0.08,0.0,17.63,710.0,169.5,168.5,169.5,169.5
1763,0.0,0.0,17.61,719.0,169.0,168.5,169.5,169.0
1764,0.0,0.0,17.6,729.0,169.0,169.0,168.5,169.0
1765,0.0,0.0,17.57,740.0,168.5,168.0,168.5,169.0
1766,0.0,0.0,17.57,746.0,168.5,168.5,168.0,169.0
1767,0.0,0.0,17.54,746.0,168.5,168.0,168.5,168.5
1768,0.0,0.0,17.52,744.0,168.0,167.5,169.0,168.5
1769,0.0,1.18,17.54,743.0,168.5,168.0,168.5,168.5
1770,0.0,2.35,17.5,752.0,168.0,168.0,169.0,168.5
1771,0.0,0.0,17.52,774.0,168.5,167.5,168.5,169.0
1772,0.0,0.0,17.5,784.0,168.5,167.5,168.5,168.0
1773,0.0,0.0,17.45,774.0,167.5,166.5,167.0,167.5
1774,-0.08,0.0,17.37,766.0,166.0,165.0,166.0,166.0
1775,-0.32,0.0,17.09,756.0,163.0,163.0,163.5,163.5
1776,-0.64,0.0,16.85,748.0,161.0,160.5,161.0,160.5
1777,-0.72,0.0,16.59,746.0,157.5,157.5,158.5,158.5
1778,-0.88,0.0,16.27,747.0,155.0,154.5,155.0,155.0
1779,-0.88,0.0,15.97,748.0,153.0,151.5,152.5,152.0
1780,-0.72,0.0,15.66,748.0,149.5,148.5,151.0,150.0
1781,-0.64,0.0,15.43,753.0,147.5,146.5,147.5,147.0
1782,-0.56,0.0,15.26,753.0,146.0,145.5,146.0,145.5
1783,-0.56,0.0,14.99,753.0,143.5,142.5,143.5,143.5
1784,-0.56,0.0,14.79,754.0,142.0,141.0,142.0,141.5
1785,-0.56,0.0,14.79,754.0,141.0,141.0,141.0,141.5
1786,-0.16,0.0,14.67,757.0,140.5,140.0,141.0,140.5
1787,0.0,9.41,14.63,757.0,140.5,140.0,141.5,141.0
1788,0.0,11.76,14.67,788.0,140.5,140.5,141.5,141.0
1789,0.0,14.12,14.7,893.0,140.5,140.5,141.5,141.5
1790,0.08,17.65,14.79,1000.0,141.5,140.5,142.5,142.5
1791,0.16,19.22,14.86,1107.0,142.0,142.0,144.0,143.5
1792,0.24,20.78,15.02,1235.0,144.0,143.5,145.5,145.5
1793,0.32,22.75,15.25,1392.0,145.5,144.5,148.0,147.5
1794,0.48,25.1,15.52,1506.0,148.5,148.0,150.0,150.0
1795,0.64,25.49,15.81,1605.0,150.5,150.5,154.0,154.0
1796,0.88,27.06,16.14,1654.0,154.5,154.0,157.0,156.5
1797,0.96,28.63,16.53,1708.0,158.0,157.5,160.5,160.5
1798,0.96,28.63,16.89,1730.0,161.0,160.5,164.0,163.5
1799,1.04,29.02,17.21,1730.0,165.5,165.0,167.0,167.5
1800,1.04,31.76,17.56,1739.0,168.0,167.5,171.0,171.0
1801,0.96,33.33,17.86,1764.0,171.0,170.5,174.0,174.0
1802,1.04,33.73,18.34,1782.0,175.0,175.5,178.5,179.0
1803,1.04,33.73,18.63,1779.0,178.0,178.0,181.0,181.0
1804,1.04,34.12,19.03,1779.0,182.5,182.0,185.5,185.5
1805,1.04,35.29,19.34,1796.0,185.0,185.5,188.5,189.0
1806,1.12,36.08,19.85,1799.0,188.5,188.0,191.5,192.0
1807,1.12,36.08,20.18,1796.0,193.5,193.0,196.5,197.0
1808,1.12,36.47,20.65,1805.0,196.5,196.0,200.5,199.5
1809,1.04,38.43,21.0,1811.0,200.0,201.0,203.5,203.5
1810,1.04,39.22,21.31,1818.0,204.0,203.0,206.5,207.0
1811,1.04,39.22,21.73,1826.0,207.0,207.5,211.0,211.0
1812,1.04,39.61,22.03,1842.0,210.5,210.0,215.0,215.0
1813,1.12,39.61,22.51,1850.0,215.0,215.0,217.5,218.0
1814,1.12,39.61,22.87,1829.0,218.0,217.5,222.5,222.5
1815,1.04,39.61,23.38,1829.0,223.0,222.5,226.0,226.0
1816,1.04,39.61,23.72,1838.0,226.0,225.5,229.5,229.5
1817,1.04,39.61,24.06,1852.0,229.5,229.5,233.0,233.5
1818,1.12,39.61,24.44,1853.0,232.0,232.0,236.5,236.5
1819,1.04,39.61,24.78,1845.0,236.5,236.5,241.0,241.5
1820,1.04,40.39,25.23,1877.0,239.5,240.5,244.5,245.0
1821,1.12,40.39,25.68,1860.0,244.5,243.5,248.0,248.5
1822,1.04,40.39,26.04,1866.0,248.0,248.0,251.0,251.5
1823,1.04,40.39,26.33,1806.0,251.0,251.0,254.5,255.5
1824,0.96,40.78,26.66,1786.0,255.0,254.0,258.5,258.5
1825,0.96,40.78,27.0,1797.0,257.5,257.0,261.0,261.0
1826,0.96,40.78,27.28,1794.0,260.5,260.0,265.5,265.5
1827,0.88,40.78,27.65,1805.0,264.0,264.0,267.5,268.0
1828,0.88,40.78,28.1,1802.0,268.0,268.5,272.5,272.0
1829,0.88,40.78,28.44,1820.0,271.5,270.5,276.0,276.0
1830,0.88,40.78,28.86,1836.0,275.0,274.0,278.5,278.5
1831,0.96,40.78,29.12,1836.0,278.5,278.0,281.5,281.5
1832,0.96,40.78,29.38,1842.0,281.5,281.0,284.5,284.5
1833,0.96,40.0,29.75,1851.0,284.0,283.0,288.0,287.5
1834,0.88,39.61,30.04,1852.0,287.0,286.0,290.5,289.5
1835,0.88,39.61,30.35,1857.0,289.5,288.0,293.0,293.0
1836,0.88,39.22,30.57,1860.0,292.5,291.0,297.5,297.0
1837,0.88,39.22,30.98,1879.0,295.5,295.0,299.5,298.5
1838,0.72,39.22,31.25,1876.0,298.0,296.5,302.0,302.0
1839,0.96,39.22,31.63,1884.0,301.0,300.0,305.0,305.0
1840,0.96,39.22,31.92,1896.0,304.5,304.5,309.5,309.5
1841,0.96,39.22,32.27,1894.0,307.5,309.0,311.5,311.5
1842,0.96,39.22,32.61,1900.0,312.0,311.0,316.0,316.0
1843,0.96,38.82,33.03,1908.0,315.5,313.5,320.0,319.5
1844,0.96,38.43,33.4,1925.0,317.5,317.5,323.0,323.0
1845,0.88,38.43,33.77,1923.0,322.0,320.5,326.0,326.5
1846,0.88,38.43,34.05,1931.0,324.5,325.5,329.5,329.0
1847,0.88,38.04,34.36,1936.0,328.0,327.5,332.5,332.0
1848,0.96,36.08,34.67,1942.0,330.5,329.5,334.5,335.0
1849,0.96,34.9,35.09,1946.0,334.5,333.5,339.0,339.5
1850,0.96,34.9,35.29,1945.0,337.0,336.5,342.5,342.5
1851,0.96,32.94,35.65,1958.0,339.5,339.5,344.0,343.5
1852,0.96,18.04,36.08,1950.0,343.0,341.5,346.5,347.0
1853,0.88,0.0,36.0,1711.0,345.0,344.0,346.5,346.5
1854,0.56,0.0,36.11,1401.0,346.0,345.0,347.5,347.5
1855,0.16,0.0,36.05,1248.0,345.5,344.5,346.5,346.5
1856,0.0,0.0,35.96,1224.0,345.0,344.5,345.5,345.5
1857,-0.08,0.0,35.91,1197.0,345.5,344.0,344.5,344.0
1858,-0.08,0.0,35.8,1183.0,344.0,344.0,344.5,344.0
1859,-0.08,0.0,35.72,1180.0,343.0,343.0,343.5,343.5
1860,-0.08,7.45,35.6,1220.0,342.5,342.0,343.0,342.5
1861,-0.08,7.45,35.56,1275.0,342.0,341.0,344.5,344.0
1862,-0.08,7.06,35.59,1286.0,341.5,341.0,341.5,341.5
1863,0.0,7.06,35.51,1245.0,341.0,339.5,342.5,342.0
1864,0.0,6.67,35.49,1245.0,340.5,338.5,341.5,341.5
1865,0.0,9.41,35.46,1252.0,341.0,338.5,341.0,341.0
1866,0.0,10.59,35.41,1270.0,340.0,339.0,340.5,341.0
1867,0.0,5.88,35.41,1274.0,339.5,339.0,341.0,340.5
1868,0.0,11.76,35.4,1233.0,340.0,339.5,340.5,339.5
1869,0.0,14.51,35.37,1242.0,339.0,337.5,341.0,340.5
1870,0.0,17.65,35.46,1323.0,340.0,338.5,341.0,341.0
1871,0.08,18.43,35.47,1346.0,339.5,339.0,341.5,341.0
1872,0.08,18.82,35.65,1328.0,340.0,338.5,341.0,340.5
1873,0.16,20.0,35.59,1301.0,341.0,340.0,344.0,344.0
1874,0.24,20.39,35.76,1247.0,342.0,341.5,343.0,343.5
1875,0.32,20.39,35.87,1232.0,343.0,342.5,345.0,345.5
1876,0.24,20.78,35.92,1235.0,344.5,344.0,347.0,347.0
1877,0.32,21.18,36.1,1246.0,346.0,345.5,348.5,348.5
1878,0.32,21.57,36.28,1253.0,347.0,346.5,350.0,350.0
1879,0.32,21.57,36.41,1264.0,348.5,348.0,351.0,351.0
1880,0.32,21.57,36.72,1295.0,350.0,349.0,353.0,352.0
1881,0.24,21.57,36.56,1290.0,351.0,350.5,353.5,353.5
1882,0.48,21.57,36.8,1264.0,352.5,351.5,356.5,356.0
1883,0.24,21.96,37.0,1276.0,354.5,352.5,356.0,356.5
1884,0.32,22.35,37.15,1268.0,355.0,354.5,358.0,357.5
1885,0.32,23.14,37.23,1281.0,357.0,356.0,358.5,359.0
1886,0.32,23.92,37.34,1332.0,359.0,357.5,361.5,361.0
1887,0.48,24.71,37.69,1359.0,360.5,360.0,363.5,364.0
1888,0.48,25.1,37.85,1290.0,362.0,361.0,365.0,364.5
1889,0.48,27.06,38.04,1329.0,363.5,362.5,366.0,366.0
1890,0.48,27.45,38.16,1349.0,365.5,363.0,368.0,368.0
1891,0.48,27.45,38.36,1358.0,367.0,365.5,371.0,370.5
1892,0.56,27.45,38.56,1325.0,369.0,367.5,372.0,372.0
1893,0.48,27.45,38.77,1336.0,371.0,369.5,374.5,374.5
1894,0.48,27.45,39.0,1338.0,372.5,371.0,376.0,376.0
1895,0.48,27.45,39.2,1355.0,374.5,374.0,378.0,378.5
1896,0.56,27.45,39.46,1361.0,377.5,376.5,380.0,380.0
1897,0.48,24.71,39.64,1369.0,378.5,377.5,383.0,383.0
1898,0.48,23.53,39.96,1370.0,382.5,381.0,385.0,385.0
1899,0.48,23.14,40.11,1378.0,384.0,382.0,386.5,386.5
1900,0.32,23.14,40.26,1374.0,385.5,384.0,388.0,388.5
1901,0.32,23.14,40.48,1377.0,387.0,386.5,389.5,389.5
1902,0.48,22.75,40.63,1394.0,388.0,388.0,390.5,391.5
1903,0.48,22.35,40.7,1396.0,390.0,388.0,392.5,392.5
1904,0.32,18.04,40.87,1397.0,391.0,389.5,394.5,394.5
1905,0.32,18.04,40.98,1403.0,393.0,391.5,395.5,395.5
1906,0.24,18.04,41.1,1402.0,394.5,392.5,395.5,395.0
1907,0.16,18.04,41.25,1411.0,394.5,394.0,398.0,398.0
1908,0.24,18.04,41.42,1419.0,397.0,395.5,400.0,399.5
1909,0.16,17.65,41.61,1420.0,399.0,398.5,400.5,400.5
1910,0.24,17.25,41.71,1430.0,400.0,399.5,401.0,402.5
1911,0.16,17.25,41.89,1432.0,401.5,400.5,403.5,404.0
1912,0.24,16.86,42.04,1436.0,402.5,402.0,405.0,405.0
1913,0.24,9.41,42.15,1432.0,404.0,404.0,405.0,405.0
1914,0.16,7.06,42.2,1435.0,404.5,404.5,405.5,406.0
1915,0.16,5.49,42.2,1439.0,405.5,405.0,406.5,406.5
1916,0.0,0.39,42.22,1439.0,405.5,405.0,406.0,406.0
1917,0.0,0.0,42.22,1437.0,406.0,405.5,406.0,406.0
1918,-0.08,0.0,42.17,1428.0,406.0,404.5,406.5,406.0
1919,-0.08,0.0,42.11,1399.0,405.5,404.0,404.0,403.5
1920,-0.16,0.0,42.11,1427.0,404.5,404.0,404.0,404.0
1921,-0.16,0.0,42.05,1433.0,404.0,403.5,403.5,404.0
1922,-0.16,0.39,41.97,1435.0,404.0,403.0,403.5,404.0
1923,-0.16,1.57,41.89,1436.0,403.0,402.0,403.0,403.5
1924,-0.16,3.14,41.87,1431.0,402.5,401.5,402.5,403.0
1925,-0.08,3.53,41.82,1435.0,403.0,401.0,403.5,402.5
1926,-0.08,6.27,41.82,1439.0,403.0,401.0,403.0,402.5
1927,-0.08,0.0,41.84,1466.0,402.5,400.0,402.5,402.0
1928,-0.08,0.0,41.81,1352.0,402.5,400.5,402.5,402.5
1929,0.0,0.0,41.66,1245.0,399.5,398.0,400.5,400.0
1930,-0.48,0.0,41.4,1086.0,397.0,395.0,397.0,396.5
1931,-0.96,0.0,40.97,1016.0,394.0,391.5,392.0,391.5
1932,-1.2,0.0,40.53,1055.0,389.0,387.5,389.5,389.0
1933,-1.2,0.0,40.13,1026.0,384.5,383.0,384.5,384.5
1934,-1.2,0.0,39.67,1005.0,380.0,379.5,380.5,380.0
1935,-1.36,0.0,39.38,995.0,378.0,377.5,377.5,377.5
1936,-1.2,0.0,39.07,986.0,373.5,372.5,373.5,374.5
1937,-1.2,0.0,38.6,975.0,370.5,369.5,369.5,370.0
1938,-1.2,0.0,38.25,965.0,366.5,365.5,367.0,366.5
1939,-1.2,0.0,37.91,955.0,363.5,362.0,363.5,363.5
1940,-1.2,0.0,37.49,939.0,359.0,357.0,359.0,359.0
1941,-1.2,0.0,37.11,931.0,355.5,354.5,355.5,355.0
1942,-1.2,0.0,36.73,919.0,352.0,350.5,350.5,351.0
1943,-1.2,0.0,36.29,912.0,347.0,346.5,347.0,348.0
1944,-1.36,0.0,35.83,898.0,343.5,342.5,343.5,343.5
1945,-1.44,0.0,35.42,888.0,338.0,337.5,338.5,338.5
1946,-1.52,0.0,34.98,882.0,334.0,334.0,335.0,334.5
1947,-1.44,0.0,34.56,874.0,330.5,329.0,330.5,331.5
1948,-1.36,0.0,34.05,858.0,325.5,324.5,325.5,326.5
1949,-1.2,0.0,33.79,851.0,324.0,323.0,324.5,324.5
1950,-0.64,0.0,33.68,889.0,323.5,322.5,324.0,323.5
1951,-0.16,0.0,33.59,954.0,322.5,322.0,323.5,323.5
1952,-0.08,0.0,33.55,999.0,323.0,322.5,323.0,323.0
1953,-0.08,0.0,33.55,1067.0,322.5,321.5,322.0,323.5
1954,-0.08,0.0,33.52,1158.0,322.0,321.0,322.5,322.5
1955,-0.08,0.39,33.51,1195.0,322.5,320.5,323.0,323.0
1956,0.0,3.14,33.5,1176.0,322.0,320.0,322.5,322.0
1957,0.0,4.31,33.45,1179.0,321.0,321.0,322.0,322.0
1958,-0.08,9.8,33.45,1208.0,322.0,321.0,322.0,322.0
1959,0.0,14.12,33.5,1250.0,321.5,321.5,322.0,322.5
1960,0.0,15.29,33.55,1308.0,321.5,320.0,323.5,323.5
1961,0.0,17.65,33.62,1384.0,322.5,321.0,324.0,323.5
1962,0.16,19.22,33.74,1470.0,323.0,322.0,325.5,325.0
1963,0.16,19.22,33.85,1532.0,324.0,324.5,327.5,327.5
1964,0.24,19.22,34.12,1564.0,326.0,326.0,329.0,329.0
1965,0.32,19.22,34.23,1575.0,328.0,327.5,330.5,330.5
1966,0.32,18.43,34.43,1585.0,330.0,328.5,332.0,332.0
1967,0.32,18.04,34.57,1580.0,331.0,329.5,333.0,333.5
1968,0.32,19.61,34.73,1565.0,332.5,331.5,335.5,335.0
1969,0.32,20.78,34.92,1596.0,334.5,333.0,338.0,336.5
1970,0.32,20.78,35.14,1623.0,336.0,334.5,339.0,337.5
1971,0.32,20.78,35.29,1624.0,338.0,337.5,340.5,340.0
1972,0.32,20.78,35.47,1617.0,339.5,339.5,342.5,342.5
1973,0.48,20.78,35.69,1609.0,341.0,340.0,344.0,344.0
1974,0.32,21.18,35.85,1607.0,343.0,342.0,345.5,345.5
1975,0.48,21.18,35.98,1603.0,343.5,343.5,347.0,347.5
1976,0.32,21.18,36.07,1589.0,346.0,345.5,348.5,348.0
1977,0.32,21.18,36.34,1583.0,348.0,347.0,351.0,350.5
1978,0.32,21.18,36.51,1570.0,350.0,349.0,353.0,352.5
1979,0.48,20.0,36.7,1548.0,352.0,351.0,354.0,354.0
1980,0.32,20.0,36.91,1525.0,353.0,352.5,355.0,355.5
1981,0.32,19.22,37.05,1508.0,354.0,353.5,357.5,357.5
1982,0.32,19.61,37.23,1479.0,356.0,355.5,359.0,359.0
1983,0.32,19.61,37.34,1462.0,357.5,356.5,360.5,361.0
1984,0.32,14.51,37.49,1439.0,358.5,358.5,361.5,361.5
1985,0.32,7.06,37.61,1321.0,360.0,359.5,363.0,363.0
1986,0.24,0.0,37.54,1294.0,360.0,360.5,362.5,362.0
1987,0.0,0.0,37.54,1290.0,361.0,359.5,361.5,362.0
1988,0.0,0.0,37.51,1270.0,360.5,359.5,361.5,361.0
1989,-0.08,0.0,37.53,1247.0,359.5,360.5,360.0,360.0
1990,-0.16,0.0,37.44,1280.0,359.0,359.0,360.0,360.0
1991,-0.08,0.0,37.27,1278.0,358.5,359.0,359.5,359.0
1992,-0.16,0.0,37.23,1268.0,358.5,357.5,357.5,357.5
1993,-0.16,0.0,37.21,1277.0,357.5,355.5,357.5,358.0
1994,-0.16,0.0,37.08,1266.0,357.0,355.5,357.0,356.5
1995,-0.16,0.0,37.07,1269.0,355.5,356.0,356.5,356.5
1996,-0.16,0.0,36.98,1259.0,355.5,355.5,355.5,355.5
1997,-0.16,0.0,36.85,1259.0,354.5,353.0,355.0,354.5
1998,-0.08,0.0,36.76,1251.0,353.0,353.0,354.0,353.5
1999,-0.16,0.0,36.71,1251.0,353.0,352.5,352.5,352.5
2000,-0.16,0.0,36.65,1249.0,352.5,351.0,352.5,352.5
2001,-0.16,0.0,36.58,1250.0,352.5,350.5,351.5,352.0
2002,-0.16,0.0,36.52,1242.0,351.0,350.0,350.5,351.0
2003,-0.16,0.0,36.32,1224.0,349.5,349.5,349.0,348.5
2004,-0.24,0.0,36.2,1237.0,348.5,348.0,347.5,347.5
2005,-0.24,0.0,36.02,1235.0,347.5,346.5,346.0,345.5
2006,-0.24,0.0,35.85,1226.0,346.0,345.0,344.5,345.5
2007,-0.32,0.0,35.78,1216.0,344.0,343.0,343.0,344.0
2008,-0.24,0.0,35.65,1215.0,343.0,341.5,341.5,342.0
2009,-0.24,0.0,35.47,1212.0,341.5,340.0,340.5,341.0
2010,-0.32,0.0,35.32,1209.0,339.5,340.0,340.5,340.0
2011,-0.24,0.0,35.18,1202.0,339.0,338.5,338.5,338.0
2012,-0.32,0.0,35.07,1198.0,338.0,337.0,336.5,337.5
2013,-0.32,0.0,34.96,1192.0,336.0,335.5,335.0,336.0
2014,-0.24,0.0,34.81,1187.0,335.5,333.5,334.0,335.0
2015,-0.32,0.0,34.67,1184.0,334.0,333.5,333.0,333.0
2016,-0.24,0.0,34.56,1178.0,332.0,332.5,332.0,332.0
2017,-0.24,0.0,34.43,1174.0,331.5,331.5,330.5,331.0
2018,-0.24,0.0,34.29,1169.0,330.0,329.0,328.5,330.0
2019,-0.32,0.0,34.16,1167.0,328.5,327.5,327.5,328.5
2020,-0.24,0.0,33.88,1154.0,325.5,325.0,325.0,325.5
2021,-0.48,0.0,33.63,1148.0,321.5,323.5,321.5,323.0
2022,-0.64,0.0,33.34,1136.0,319.5,320.5,319.0,319.5
2023,-0.88,0.0,33.07,1125.0,316.5,317.0,316.0,318.0
2024,-0.88,0.0,32.65,1111.0,313.0,313.0,311.5,313.0
2025,-0.96,0.0,32.26,1098.0,309.0,308.5,308.0,309.0
2026,-0.88,0.0,31.93,1085.0,306.0,307.5,305.5,306.0
2027,-0.96,0.0,31.62,1073.0,303.0,304.0,302.5,304.0
2028,-0.96,0.0,31.29,1057.0,300.5,300.0,298.5,301.0
2029,-0.88,0.0,31.06,1051.0,297.5,298.5,297.5,297.5
2030,-0.72,0.0,30.79,1021.0,295.0,296.0,294.5,295.0
2031,-0.64,0.0,30.48,1005.0,292.5,292.5,291.5,292.0
2032,-0.64,0.0,30.25,984.0,289.5,289.0,288.5,289.5
2033,-0.64,0.0,29.94,933.0,287.0,287.0,287.0,287.5
2034,-0.56,0.0,29.76,928.0,284.5,286.0,285.0,286.0
2035,-0.56,0.0,29.48,900.0,283.0,282.5,282.5,283.0
2036,-0.64,0.0,29.22,880.0,279.5,278.5,279.0,279.0
2037,-0.72,0.0,28.85,879.0,277.5,275.0,276.0,276.5
2038,-0.72,0.0,28.6,849.0,275.0,273.5,274.0,273.0
2039,-0.88,0.0,28.35,835.0,271.0,270.0,271.0,271.0
2040,-0.72,0.0,28.04,809.0,269.0,268.0,269.0,268.0
2041,-0.88,0.0,27.75,805.0,267.5,261.5,266.5,266.5
2042,-0.88,0.0,27.48,804.0,263.5,261.0,263.0,263.0
2043,-0.96,0.0,27.15,810.0,261.0,259.5,263.0,259.5
2044,-0.96,0.0,26.73,813.0,256.0,254.0,256.0,255.0
2045,-0.96,0.0,26.33,813.0,252.5,250.0,251.0,250.5
2046,-1.12,0.0,25.82,818.0,247.0,245.5,246.5,244.5
2047,-1.44,0.0,25.31,809.0,242.0,239.5,241.5,240.0
2048,-1.6,0.0,24.56,806.0,234.5,231.5,232.5,232.0
2049,-1.84,0.0,23.82,796.0,227.5,225.5,226.0,225.0
2050,-1.92,0.0,22.98,785.0,219.5,218.5,219.0,218.0
2051,-2.0,0.0,22.29,769.0,213.0,212.0,213.0,211.5
2052,-2.0,0.0,21.54,761.0,205.5,203.0,205.0,203.5
2053,-2.08,0.0,20.66,741.0,197.0,195.0,196.0,195.0
2054,-2.0,0.0,19.91,734.0,191.0,188.5,190.0,189.0
2055,-2.08,0.0,19.25,719.0,183.5,182.5,182.5,182.0
2056,-2.08,0.0,18.55,697.0,177.0,176.0,176.5,176.0
2057,-2.08,0.0,17.99,681.0,170.5,170.0,170.5,170.5
2058,-2.0,0.0,17.12,672.0,163.5,163.0,163.5,163.0
2059,-2.0,0.0,16.34,664.0,154.5,153.5,154.5,153.5
2060,-2.08,0.0,15.5,673.0,147.5,146.0,145.5,145.5
2061,-2.0,0.0,14.73,690.0,139.5,138.5,140.0,139.5
2062,-2.0,0.0,13.99,717.0,133.0,132.5,132.5,132.5
2063,-1.92,0.0,13.21,739.0,124.5,124.5,125.0,125.5
2064,-1.92,0.0,12.61,756.0,119.5,119.0,119.5,119.0
2065,-1.84,0.0,11.99,762.0,114.0,113.0,113.0,112.5
2066,-1.92,0.0,11.25,771.0,106.5,105.5,104.5,105.0
2067,-2.0,0.0,10.35,808.0,98.0,97.5,97.5,97.5
2068,-2.08,0.0,9.71,852.0,91.5,91.0,90.0,90.0
2069,-2.08,0.0,8.9,854.0,84.5,83.5,83.5,83.0
2070,-2.08,0.0,8.25,846.0,77.5,77.0,77.0,77.0
2071,-2.08,0.0,7.72,830.0,71.5,71.0,71.0,71.0
2072,-1.92,0.0,6.99,768.0,66.0,65.5,65.0,65.0
2073,-1.52,0.0,6.59,725.0,62.0,61.5,62.0,62.0
2074,-1.2,0.0,6.16,705.0,58.5,58.5,58.5,58.5
2075,-1.12,0.0,5.85,692.0,55.0,55.0,55.0,54.5
2076,-0.96,0.0,5.47,674.0,51.5,51.5,52.0,51.5
2077,-0.88,0.0,5.23,671.0,49.5,49.5,49.5,49.5
2078,-0.64,0.0,5.03,679.0,47.5,47.0,47.5,47.5
2079,-0.48,0.0,4.84,693.0,46.0,45.5,46.0,46.0
2080,-0.32,0.0,4.7,708.0,44.5,44.5,45.0,45.0
2081,-0.24,0.0,4.57,709.0,43.5,43.5,43.5,43.5
2082,-0.32,0.0,4.41,709.0,41.5,41.5,41.5,41.5
2083,-0.32,0.0,4.25,694.0,40.0,40.0,40.5,40.0
2084,-0.32,0.0,4.05,694.0,38.0,38.0,38.5,38.0
2085,-0.32,0.0,3.85,686.0,36.5,36.5,36.5,36.5
2086,-0.32,0.0,3.73,679.0,35.0,35.0,35.5,35.5
2087,-0.32,0.0,3.57,676.0,34.0,33.5,34.0,34.0
2088,-0.48,0.0,3.43,669.0,32.0,32.0,32.5,32.0
2089,-0.48,0.0,3.23,663.0,30.5,30.0,30.5,30.5
2090,-0.48,0.0,3.03,663.0,28.5,28.5,28.0,28.0
2091,-0.48,0.0,2.83,655.0,26.5,26.0,26.0,26.5
2092,-0.56,0.0,2.63,646.0,25.0,25.0,24.5,24.5
2093,-0.56,0.0,2.45,637.0,22.5,22.5,22.5,22.5
2094,-0.56,0.0,2.26,638.0,20.5,20.5,20.5,20.5
2095,-0.56,0.0,2.03,628.0,18.5,18.5,18.5,18.5
2096,-0.56,0.0,1.81,625.0,16.5,16.5,16.0,16.0
2097,-0.64,0.0,1.53,615.0,13.5,13.5,13.5,13.5
2098,-0.64,0.0,1.32,614.0,12.0,12.0,11.5,11.5
2099,-0.64,0.0,1.11,616.0,9.5,9.5,9.5,10.0
2100,-0.64,0.0,0.0,614.0,8.0,7.5,7.5,7.5
2101,-0.56,0.0,0.0,606.0,0.0,0.0,6.0,0.0
2102,-0.64,0.0,0.0,608.0,0.0,0.0,0.0,0.0
2103,-0.64,0.0,0.0,609.0,0.0,0.0,0.0,0.0
2104,-0.56,0.0,0.0,610.0,0.0,0.0,0.0,0.0
2105,0.0,0.0,0.0,608.0,0.0,0.0,0.0,0.0
2106,0.0,0.0,0.0,607.0,0.0,0.0,0.0,0.0
2107,0.0,0.0,0.0,613.0,0.0,0.0,0.0,0.0
2108,0.0,0.0,0.0,609.0,0.0,0.0,0.0,0.0
2109,0.0,0.0,0.0,606.0,0.0,0.0,0.0,0.0
2110,0.0,0.0,0.0,609.0,0.0,0.0,0.0,0.0
2111,0.0,0.0,0.0,607.0,0.0,0.0,0.0,0.0
2112,0.0,0.0,0.0,610.0,0.0,0.0,0.0,0.0
2113,0.0,0.0,0.0,608.0,0.0,0.0,0.0,0.0
2114,0.0,0.0,0.0,610.0,0.0,0.0,0.0,0.0
2115,0.0,0.0,0.0,611.0,0.0,0.0,0.0,0.0
2116,0.0,0.0,0.0,613.0,0.0,0.0,0.0,0.0
2117,0.0,0.0,0.0,615.0,0.0,0.0,0.0,0.0
2118,0.0,0.0,0.0,609.0,0.0,0.0,0.0,0.0
2119,0.0,0.0,0.0,610.0,0.0,0.0,0.0,0.0
2120,0.0,0.0,0.0,612.0,0.0,0.0,0.0,0.0
2121,0.0,0.0,0.0,610.0,0.0,0.0,0.0,0.0
2122,0.0,0.0,0.0,604.0,0.0,0.0,0.0,0.0
2123,0.0,0.0,0.0,610.0,0.0,0.0,0.0,0.0
2124,0.0,0.0,0.0,609.0,0.0,0.0,0.0,0.0
2125,0.0,0.0,0.0,610.0,0.0,0.0,0.0,0.0
2126,0.0,0.0,0.0,605.0,0.0,0.0,0.0,0.0
2127,0.0,0.0,0.0,608.0,0.0,0.0,0.0,0.0
2128,0.0,0.0,0.0,610.0,0.0,0.0,0.0,0.0
2129,0.0,0.0,0.0,604.0,0.0,0.0,0.0,0.0
2130,0.0,0.0,0.0,600.0,0.0,0.0,0.0,0.0
2131,0.0,0.0,0.0,602.0,0.0,0.0,0.0,0.0
2132,0.0,0.0,0.0,601.0,0.0,0.0,0.0,0.0
2133,0.0,0.0,0.0,603.0,0.0,0.0,0.0,0.0
2134,0.08,0.0,0.0,600.0,0.0,0.0,0.0,0.0
2135,0.16,0.0,0.0,604.0,0.0,0.0,0.0,0.0
2136,0.16,0.0,0.0,609.0,0.0,0.0,0.0,0.0
2137,0.24,0.0,0.0,610.0,0.0,0.0,0.0,0.0
2138,0.24,0.0,0.0,605.0,0.0,0.0,0.0,0.0
2139,0.24,0.0,0.0,604.0,0.0,0.0,0.0,0.0
2140,0.24,0.0,0.0,601.0,7.5,7.5,7.0,7.5
2141,0.16,0.0,0.0,604.0,8.0,8.5,9.0,8.5
2142,0.16,0.0,0.0,600.0,9.5,9.5,10.0,9.5
2143,0.16,0.0,1.1,592.0,11.0,11.0,11.0,11.0
2144,0.16,0.39,1.24,595.0,12.0,12.0,12.0,12.0
2145,0.16,3.14,1.39,612.0,13.5,13.5,13.5,13.5
2146,0.16,3.92,1.5,634.0,14.5,14.5,15.0,15.0
2147,0.24,4.71,1.59,658.0,15.5,15.5,16.0,16.0
2148,0.24,6.27,1.76,703.0,16.5,16.5,17.0,17.5
2149,0.32,8.24,1.96,771.0,19.5,18.5,19.5,20.0
2150,0.56,10.59,2.21,844.0,21.5,21.5,22.5,22.5
2151,0.64,10.98,2.49,938.0,24.5,24.5,26.0,25.5
2152,0.88,11.76,2.85,1023.0,28.0,27.5,29.0,28.5
2153,1.04,12.55,3.23,1082.0,31.5,30.5,32.5,32.5
2154,1.12,12.94,3.61,1127.0,35.5,35.5,36.5,36.5
2155,1.2,12.94,4.05,1164.0,39.5,39.5,41.0,41.0
2156,1.36,13.33,4.57,1192.0,44.5,45.0,46.5,46.5
2157,1.36,0.0,5.11,1203.0,50.0,50.0,51.5,51.0
2158,1.36,0.0,5.49,1126.0,55.0,54.5,55.0,55.0
2159,0.96,0.0,5.86,961.0,57.5,57.0,57.0,57.0
2160,0.64,0.0,6.03,867.0,58.5,58.5,59.0,58.5
2161,0.32,0.0,6.17,798.0,59.5,59.5,60.0,60.0
2162,0.16,0.0,6.24,764.0,60.0,60.0,60.0,60.0
2163,0.0,0.0,6.24,737.0,60.0,59.5,60.0,59.5
2164,0.0,0.0,6.18,714.0,59.0,59.0,59.0,59.0
2165,-0.16,0.0,6.08,695.0,58.0,57.5,58.0,58.0
2166,-0.16,0.0,5.98,697.0,57.0,56.5,57.5,57.5
2167,-0.08,0.0,5.94,702.0,57.0,56.5,57.0,57.0
2168,0.0,0.0,5.91,697.0,57.0,56.5,57.0,57.0
2169,0.0,0.0,5.93,696.0,57.0,57.0,57.0,57.0
2170,0.0,0.0,5.94,695.0,57.5,57.0,57.0,57.0
2171,0.0,0.0,5.97,695.0,57.5,57.0,57.5,57.5
2172,0.0,0.0,5.98,696.0,57.5,57.5,57.5,57.5
2173,0.0,0.0,6.0,690.0,57.5,57.5,58.0,57.5
2174,0.0,0.0,6.04,691.0,58.0,57.5,58.0,58.0
2175,0.0,0.0,6.06,699.0,58.0,57.5,58.5,58.0
2176,0.0,0.0,6.05,702.0,58.0,57.5,57.5,57.5
2177,0.0,0.0,5.98,700.0,57.0,56.5,57.0,57.0
2178,-0.32,0.0,5.82,693.0,55.0,54.5,54.5,54.5
2179,-0.64,0.0,5.56,687.0,52.0,52.0,52.0,52.0
2180,-0.72,0.0,5.25,682.0,49.0,49.0,48.5,48.5
2181,-0.88,0.0,4.9,674.0,45.5,45.5,45.5,45.5
2182,-0.88,0.0,4.63,670.0,43.0,42.5,43.0,42.5
2183,-0.96,0.0,4.31,667.0,40.0,40.0,39.5,39.5
2184,-1.04,0.0,3.96,667.0,37.0,36.5,36.5,36.5
2185,-1.04,0.0,3.56,667.0,32.5,32.5,32.5,32.5
2186,-0.96,0.0,3.21,672.0,29.5,29.0,29.0,29.0
2187,-0.96,0.0,2.9,666.0,26.0,26.0,26.0,26.0
2188,-0.96,0.0,2.57,665.0,23.0,23.0,23.0,22.5
2189,-0.96,0.0,2.22,651.0,20.0,20.0,19.5,19.5
2190,-0.96,0.0,1.89,653.0,16.5,17.0,16.5,16.5
2191,-0.96,0.0,1.54,649.0,13.5,13.5,13.0,13.0
2192,-0.88,0.0,1.23,645.0,10.5,11.0,10.5,10.5
2193,-0.72,0.0,0.0,637.0,7.5,8.0,8.0,8.0
2194,-0.72,0.0,0.0,632.0,6.0,6.5,6.0,6.0
2195,-0.72,0.0,0.0,629.0,0.0,0.0,0.0,0.0
2196,-0.72,0.0,0.0,627.0,0.0,0.0,0.0,0.0
2197,-0.56,0.0,0.0,624.0,0.0,0.0,0.0,0.0
2198,0.08,0.0,0.0,616.0,0.0,0.0,0.0,0.0
2199,0.0,0.0,0.0,610.0,0.0,0.0,0.0,0.0
2200,0.0,0.0,0.0,607.0,0.0,0.0,0.0,0.0
2201,0.0,0.0,0.0,604.0,0.0,0.0,0.0,0.0
2202,0.0,0.0,0.0,601.0,0.0,0.0,0.0,0.0
2203,0.0,0.0,0.0,602.0,0.0,0.0,0.0,0.0
2204,0.0,0.0,0.0,599.0,0.0,0.0,0.0,0.0
2205,0.0,0.0,0.0,598.0,0.0,0.0,0.0,0.0
2206,0.0,0.0,0.0,599.0,0.0,0.0,0.0,0.0
2207,0.0,0.0,0.0,603.0,0.0,0.0,0.0,0.0
2208,0.0,0.0,0.0,595.0,0.0,0.0,0.0,0.0
2209,0.0,0.0,0.0,597.0,0.0,0.0,0.0,0.0
2210,0.0,0.0,0.0,596.0,0.0,0.0,0.0,0.0
2211,0.0,0.0,0.0,598.0,0.0,0.0,0.0,0.0
2212,0.0,0.0,0.0,593.0,0.0,0.0,0.0,0.0
2213,0.0,0.0,0.0,598.0,0.0,0.0,0.0,0.0
2214,0.0,0.0,0.0,599.0,0.0,0.0,0.0,0.0
2215,0.08,0.0,0.0,599.0,0.0,0.0,0.0,0.0
2216,0.08,0.0,0.0,594.0,0.0,0.0,0.0,0.0
2217,0.16,0.0,0.0,596.0,0.0,0.0,0.0,0.0
2218,0.24,0.0,0.0,600.0,0.0,0.0,0.0,0.0
2219,0.16,0.0,0.0,594.0,0.0,0.0,0.0,0.0
2220,0.16,0.0,0.0,597.0,0.0,0.0,0.0,0.0
2221,0.24,0.0,0.0,596.0,0.0,0.0,0.0,0.0
2222,0.24,1.18,0.0,597.0,6.0,6.5,0.0,0.0
2223,0.24,2.35,0.0,608.0,7.5,8.0,0.0,0.0
2224,0.24,0.0,0.0,622.0,9.0,8.5,9.0,9.0
2225,0.24,0.0,0.0,628.0,10.0,10.0,10.5,10.5
2226,0.24,0.0,1.14,618.0,12.0,11.5,12.0,12.0
2227,0.24,0.0,1.29,604.0,12.5,12.5,13.0,13.0
2228,0.24,0.0,1.41,593.0,13.5,14.0,14.0,14.0
2229,0.16,0.0,1.54,585.0,15.0,15.0,15.5,15.5
2230,0.16,0.0,1.62,584.0,16.0,16.0,16.0,16.0
2231,0.24,0.0,1.73,579.0,17.0,17.0,17.0,17.0
2232,0.16,0.0,1.81,581.0,17.5,17.5,18.0,18.0
2233,0.16,1.18,1.89,585.0,18.5,18.0,18.5,18.5
2234,0.16,1.96,1.99,591.0,19.0,19.0,19.0,19.0
2235,0.16,1.96,2.06,604.0,20.0,19.5,20.0,20.0
2236,0.24,3.14,2.16,621.0,21.0,21.0,21.0,21.0
2237,0.24,4.31,2.29,647.0,22.0,22.0,22.0,22.0
2238,0.24,4.31,2.43,694.0,23.0,23.0,23.5,24.0
2239,0.32,3.92,2.62,747.0,25.5,25.5,26.0,26.0
2240,0.48,2.75,2.77,779.0,27.0,26.5,27.5,27.5
2241,0.48,0.0,3.01,802.0,28.5,29.0,29.5,29.5
2242,0.56,0.0,3.16,759.0,31.0,31.0,30.5,30.5
2243,0.48,1.57,3.3,737.0,32.0,32.0,32.5,32.5
2244,0.32,2.75,3.41,725.0,33.0,33.0,33.5,33.5
2245,0.32,2.75,3.56,722.0,34.5,34.0,34.5,34.5
2246,0.24,2.75,3.68,728.0,35.5,35.5,36.0,36.0
2247,0.24,2.75,3.82,736.0,36.5,36.5,37.0,37.0
2248,0.24,3.92,3.94,745.0,37.5,37.5,38.0,38.5
2249,0.24,5.1,4.07,753.0,39.0,39.0,39.0,39.5
2250,0.32,5.1,4.2,772.0,40.0,40.5,41.0,41.5
2251,0.32,5.1,4.37,814.0,42.0,42.5,42.5,43.0
2252,0.32,5.88,4.52,841.0,43.0,43.5,44.0,44.5
2253,0.48,7.45,4.69,873.0,44.5,45.5,45.5,46.5
2254,0.48,7.45,4.9,918.0,46.0,47.5,47.5,48.5
2255,0.56,7.45,5.13,969.0,48.5,50.0,49.5,51.0
2256,0.64,7.84,5.36,1002.0,51.0,53.0,52.0,53.5
2257,0.72,7.06,5.58,1025.0,53.0,55.0,54.0,56.0
2258,0.72,0.0,5.83,1022.0,55.0,57.5,56.0,58.0
2259,0.72,0.0,6.04,952.0,57.5,60.0,57.5,60.0
2260,0.56,5.49,6.2,878.0,59.0,61.5,59.0,61.5
2261,0.24,7.84,6.36,869.0,59.5,63.5,60.0,63.5
2262,0.24,10.2,6.49,903.0,60.5,65.0,60.5,65.0
2263,0.24,10.2,6.64,975.0,61.5,67.0,62.0,67.5
2264,0.32,10.2,6.87,1040.0,63.5,70.0,63.5,70.5
2265,0.48,10.98,7.07,1084.0,66.0,73.0,66.0,73.0
2266,0.56,10.98,7.33,1112.0,67.5,76.5,67.0,75.5
2267,0.56,8.24,7.53,1134.0,69.5,79.0,69.0,78.0
2268,0.48,1.18,7.74,1123.0,72.0,82.0,70.0,79.5
2269,0.48,7.45,7.89,1008.0,74.0,84.5,71.0,82.0
2270,0.24,9.02,8.03,981.0,74.5,85.0,72.5,83.0
2271,0.08,11.76,8.13,1002.0,75.5,87.0,73.0,84.5
2272,0.08,12.55,8.26,1057.0,77.0,88.5,74.5,86.5
2273,0.16,13.33,8.43,1140.0,78.0,90.0,76.0,88.5
2274,0.24,10.98,8.68,1205.0,80.0,93.0,78.5,91.0
2275,0.48,4.71,8.95,1228.0,83.0,95.5,80.5,93.0
2276,0.48,5.1,9.79,1156.0,85.0,99.0,81.5,95.0
2277,0.24,9.02,9.3,1103.0,86.5,99.5,83.5,96.5
2278,0.16,9.02,9.48,1107.0,88.0,100.0,85.0,98.0
2279,0.08,2.35,9.64,1129.0,89.5,102.0,86.5,100.0
2280,0.16,1.96,9.76,1092.0,91.0,102.5,88.5,100.5
2281,0.16,4.71,9.87,1064.0,92.5,102.5,89.5,101.5
2282,0.0,4.71,9.98,1093.0,93.0,103.0,91.5,101.5
2283,0.0,4.71,10.08,1106.0,94.0,103.0,93.0,102.0
2284,0.0,5.88,10.19,1114.0,95.0,103.5,93.5,102.5
2285,0.0,8.63,10.24,1126.0,95.0,104.5,94.5,103.5
2286,0.0,9.41,10.37,1157.0,96.5,105.5,96.0,104.5
2287,0.08,7.84,10.51,1203.0,98.0,105.5,98.5,106.5
2288,0.24,0.0,10.74,1207.0,100.5,108.0,100.0,107.0
2289,0.24,0.0,10.91,1154.0,102.5,109.0,102.0,108.0
2290,0.08,0.0,11.02,1139.0,104.0,109.0,104.0,109.0
2291,0.0,0.0,11.09,1142.0,105.5,108.0,105.0,109.5
2292,0.0,0.0,11.17,1138.0,106.5,108.5,105.5,108.5
2293,-0.08,0.0,11.17,1126.0,107.0,108.5,105.5,108.5
2294,-0.48,0.0,11.15,1108.0,106.5,108.5,105.5,107.5
2295,-0.72,0.0,11.11,1089.0,105.5,107.0,105.5,107.0
2296,-0.64,0.0,10.99,1056.0,103.5,104.5,103.5,105.5
2297,-0.56,0.0,10.72,996.0,101.5,102.5,101.0,103.0
2298,-0.72,0.0,10.38,932.0,98.0,100.0,95.5,100.0
2299,-0.72,0.0,9.95,885.0,93.5,97.5,92.5,98.5
2300,-0.72,0.0,9.63,819.0,92.0,93.0,90.5,93.0
2301,-0.88,0.0,9.39,790.0,88.5,90.5,88.5,90.5
2302,-1.04,0.0,9.17,773.0,85.0,88.0,85.5,88.0
2303,-1.2,0.0,8.9,770.0,83.0,84.5,83.0,85.0
2304,-1.2,0.0,8.62,772.0,81.5,81.5,80.0,81.5
2305,-1.12,0.0,8.34,771.0,78.0,80.0,78.0,80.5
2306,-0.96,0.0,8.15,771.0,76.5,79.5,76.5,79.5
2307,-0.32,0.0,8.0,773.0,76.0,79.5,75.0,81.0
2308,-0.16,5.88,7.98,775.0,74.5,80.0,73.0,79.5
2309,-0.16,6.27,7.9,801.0,74.0,77.5,73.0,78.0
2310,-0.08,6.27,7.79,865.0,73.0,77.0,73.0,77.5
2311,0.0,7.06,7.75,924.0,72.0,78.0,72.0,77.5
2312,0.08,7.45,7.82,931.0,72.5,77.5,72.0,77.5
2313,0.16,7.45,7.82,945.0,72.5,79.0,73.0,78.5
2314,0.16,8.24,7.89,962.0,72.5,81.0,72.5,79.0
2315,0.16,9.41,7.91,990.0,73.0,81.0,72.5,80.0
2316,0.16,9.8,7.98,1041.0,74.5,81.5,73.5,81.5
2317,0.24,10.2,8.15,1092.0,75.5,83.0,75.5,83.5
2318,0.32,10.59,8.38,1131.0,77.5,84.0,78.5,85.0
2319,0.56,0.78,8.56,1155.0,80.5,85.5,80.0,86.0
2320,0.56,0.0,8.71,1090.0,82.5,85.5,82.5,86.0
2321,0.56,0.0,8.77,977.0,83.5,86.0,83.5,86.0
2322,0.32,0.0,8.84,938.0,84.0,86.5,83.5,85.5
2323,0.0,0.0,8.82,905.0,84.5,85.0,84.0,85.0
2324,0.0,0.0,8.8,867.0,84.0,84.0,83.5,84.0
2325,0.0,0.0,8.71,840.0,83.5,83.0,83.5,83.0
2326,-0.08,0.0,8.62,791.0,83.0,81.5,83.0,82.0
2327,0.0,0.0,8.57,769.0,82.5,81.5,82.5,81.5
2328,0.0,0.0,8.49,765.0,81.5,80.5,82.0,81.0
2329,0.0,0.0,8.43,762.0,82.0,79.5,81.5,80.0
2330,0.0,0.0,8.36,764.0,81.5,79.0,80.5,78.5
2331,-0.08,0.0,8.33,768.0,81.0,79.0,81.0,78.5
2332,-0.08,0.0,8.29,768.0,80.5,78.5,80.5,78.0
2333,-0.08,0.0,8.22,765.0,79.5,78.0,79.5,78.0
2334,-0.08,0.0,8.15,763.0,79.0,77.5,78.5,77.5
2335,0.0,0.0,8.1,761.0,78.0,77.0,77.5,76.5
2336,0.0,0.0,8.04,764.0,77.5,76.0,77.5,76.5
2337,0.0,0.0,8.0,758.0,77.5,76.0,77.5,75.5
2338,0.0,0.0,8.0,760.0,78.5,76.0,78.0,75.5
2339,-0.08,0.0,7.92,754.0,76.5,74.5,77.0,75.0
2340,-0.08,0.0,7.82,754.0,75.5,74.0,75.5,74.5
2341,-0.08,0.0,7.74,757.0,75.0,73.0,75.0,73.5
2342,-0.08,0.0,7.68,752.0,75.0,73.0,75.0,73.0
2343,-0.08,0.0,7.68,746.0,74.5,72.5,74.5,73.0
2344,0.0,0.0,7.64,752.0,74.0,72.5,74.0,72.0
2345,0.0,0.0,7.54,748.0,72.5,71.0,73.0,71.5
2346,0.0,0.0,7.46,751.0,72.0,71.0,72.0,71.0
2347,-0.08,0.0,7.38,755.0,71.0,70.0,72.0,69.5
2348,-0.16,0.0,7.28,756.0,71.0,69.0,70.5,68.5
2349,-0.24,0.0,7.21,754.0,70.0,68.0,70.0,68.0
2350,-0.24,0.0,7.09,752.0,69.5,66.0,68.5,66.5
2351,-0.08,0.0,6.96,744.0,67.5,65.0,67.5,65.0
2352,0.0,0.0,6.91,733.0,67.5,65.0,67.5,65.5
2353,0.0,0.0,6.87,731.0,67.5,65.0,67.0,64.5
2354,0.0,0.0,6.87,734.0,66.5,64.5,67.0,64.5
2355,0.0,0.0,6.8,733.0,65.5,64.5,66.0,64.5
2356,0.0,0.0,6.67,731.0,64.5,63.0,64.0,63.5
2357,-0.08,0.0,6.6,722.0,63.0,62.0,62.5,62.5
2358,-0.08,0.0,6.48,717.0,60.5,62.5,61.5,62.5
2359,-0.08,0.0,6.42,709.0,60.5,62.5,61.0,62.5
2360,0.0,0.0,6.42,707.0,60.5,62.0,60.5,62.5
2361,-0.08,0.0,6.35,711.0,60.0,62.5,59.5,62.0
2362,-0.08,0.0,6.24,706.0,57.5,61.5,57.5,61.0
2363,-0.24,0.0,6.07,698.0,56.0,59.0,56.0,59.0
2364,-0.24,0.0,5.87,686.0,54.5,58.5,53.5,57.5
2365,-0.32,0.0,5.63,670.0,52.5,55.5,53.0,55.0
2366,-0.32,0.0,5.54,665.0,50.5,53.5,51.0,53.0
2367,-0.24,0.0,5.36,671.0,50.0,51.5,50.0,52.0
2368,-0.16,0.0,5.19,676.0,48.5,51.0,49.0,50.5
2369,-0.16,0.0,5.13,679.0,47.5,49.5,47.5,49.5
2370,-0.24,0.0,4.96,676.0,46.0,47.5,46.0,47.5
2371,-0.24,0.0,4.72,676.0,43.5,45.5,43.0,45.0
2372,-0.48,0.0,4.47,675.0,41.5,42.5,41.5,42.5
2373,-0.56,0.0,4.22,673.0,39.0,39.5,39.0,40.0
2374,-0.64,0.0,3.91,670.0,36.0,36.5,35.5,36.0
2375,-0.64,0.0,3.55,665.0,33.0,33.0,33.0,33.0
2376,-0.64,0.0,3.18,661.0,29.5,30.0,29.0,29.5
2377,-0.96,0.0,2.87,656.0,25.0,26.0,25.5,25.5
2378,-1.12,0.0,2.44,655.0,21.5,21.5,21.5,21.5
2379,-1.12,0.0,2.1,657.0,18.5,18.5,18.0,18.0
2380,-1.04,0.0,1.72,651.0,15.5,15.5,15.0,15.0
2381,-0.96,0.0,1.4,644.0,12.0,12.0,12.0,12.0
2382,-0.72,0.0,1.09,642.0,9.5,10.0,8.5,8.5
2383,-0.64,0.0,0.0,639.0,7.0,7.0,6.5,6.5
2384,-0.64,0.0,0.0,638.0,0.0,0.0,0.0,0.0
2385,-0.56,0.0,0.0,627.0,0.0,0.0,0.0,0.0
2386,-0.24,0.0,0.0,616.0,0.0,0.0,0.0,0.0
2387,0.24,0.0,0.0,623.0,0.0,0.0,0.0,0.0
2388,0.08,0.0,0.0,660.0,0.0,0.0,0.0,0.0
2389,0.0,0.0,0.0,666.0,0.0,0.0,0.0,0.0
2390,0.16,0.0,0.0,670.0,0.0,0.0,0.0,0.0
2391,0.0,0.0,0.0,661.0,0.0,0.0,0.0,0.0
2392,0.08,0.0,0.0,654.0,0.0,0.0,0.0,0.0
2393,0.08,0.0,0.0,625.0,0.0,0.0,0.0,0.0
2394,0.08,0.0,0.0,616.0,0.0,0.0,0.0,0.0
2395,0.08,0.0,0.0,613.0,0.0,0.0,0.0,0.0
2396,0.08,0.0,0.0,626.0,0.0,0.0,0.0,0.0
2397,0.08,0.0,0.0,579.0,0.0,0.0,0.0,0.0
2398,0.08,0.0,0.0,451.0,0.0,0.0,0.0,0.0
2399,0.08,0.0,0.0,0.0,0.0,0.0,0.0,0.0
2400,0.08,0.0,0.0,0.0,0.0,0.0,0.0,0.0
2401,0.08,0.0,0.0,0.0,0.0,0.0,0.0,0.0
2402,0.08,0.0,0.0,0.0,0.0,0.0,0.0,0.0
2403,0.08,0.0,0.0,0.0,0.0,0.0,0.0,0.0
2404,0.08,0.0,0.0,0.0,0.0,0.0,0.0,0.0
2405,0.08,0.0,0.0,0.0,0.0,0.0,0.0,0.0
2406,0.08,0.0,0.0,0.0,0.0,0.0,0.0,0.0
2407,0.08,0.0,0.0,0.0,0.0,0.0,0.0,0.0
2408,0.08,0.0,0.0,0.0,0.0,0.0,0.0,0.0
2409,0.08,0.0,0.0,0.0,0.0,0.0,0.0,0.0
2410,0.08,0.0,0.0,0.0,0.0,0.0,0.0,0.0
2411,0.08,0.0,0.0,0.0,0.0,0.0,0.0,0.0
2412,0.08,0.0,0.0,0.0,0.0,0.0,0.0,0.0
