frame,MAP Vacuum,Engine Speed,Injector Pulse Width Cylinder 5,Injector Pulse Width Cylinder 6,Injector Pulse Width Cylinder 7,Injector Pulse Width Cylinder 8,1/1 O2 Goal(0-1),1/1 O2 Volts(0-1)
0,17.99,578.0,2080.0,2024.0,2072.0,2056.0,0.61,0.59
1,17.99,574.0,2048.0,2072.0,2072.0,2144.0,0.61,0.78
2,17.99,592.0,1992.0,2096.0,2008.0,2152.0,0.61,0.8
3,17.99,594.0,2024.0,2088.0,1992.0,2136.0,0.61,0.78
4,17.99,588.0,2000.0,2080.0,1976.0,2152.0,0.61,0.78
5,17.99,591.0,1968.0,2024.0,1976.0,2064.0,0.61,0.76
6,17.99,590.0,1992.0,2040.0,1992.0,2080.0,0.61,0.73
7,17.99,586.0,1984.0,2032.0,1984.0,2080.0,0.61,0.69
8,17.99,584.0,1992.0,1992.0,1992.0,2040.0,0.61,0.67
9,17.99,584.0,1992.0,2000.0,1968.0,2048.0,0.61,0.71
10,17.99,584.0,1976.0,2032.0,1960.0,2056.0,0.61,0.65
11,17.99,584.0,1992.0,2000.0,1952.0,2056.0,0.61,0.71
12,17.99,592.0,1968.0,2008.0,1960.0,2056.0,0.61,0.71
13,17.99,591.0,1952.0,1992.0,1952.0,2040.0,0.61,0.71
14,17.99,589.0,1960.0,2008.0,1992.0,2048.0,0.61,0.67
15,17.99,582.0,2656.0,3264.0,2920.0,4056.0,0.61,0.67
16,16.05,638.0,3704.0,3384.0,3656.0,3736.0,0.61,0.84
17,14.16,845.0,3968.0,3712.0,3992.0,3824.0,0.63,0.88
18,13.92,1004.0,4088.0,4040.0,4272.0,4312.0,0.59,0.78
19,12.74,1101.0,3984.0,3984.0,3656.0,3752.0,0.61,0.04
20,17.23,1064.0,2264.0,2224.0,2088.0,2136.0,0.63,0.49
21,19.0,906.0,1912.0,1888.0,1880.0,1904.0,0.63,0.76
22,18.94,780.0,1992.0,1976.0,1984.0,2040.0,0.65,0.22
23,18.53,720.0,2104.0,2072.0,2128.0,2144.0,0.63,0.02
24,18.11,678.0,2232.0,2232.0,2224.0,2312.0,0.65,0.02
25,18.05,625.0,2184.0,2200.0,2224.0,2304.0,0.65,0.02
26,18.05,589.0,2216.0,2256.0,2288.0,2352.0,0.67,0.04
27,17.7,577.0,2408.0,2904.0,3032.0,3440.0,0.67,0.37
28,16.81,657.0,3112.0,3336.0,3000.0,3328.0,0.65,0.73
29,15.52,775.0,3408.0,3736.0,3552.0,3904.0,0.65,0.84
30,14.69,933.0,3448.0,3688.0,3384.0,3512.0,0.61,0.65
31,16.17,994.0,2944.0,2648.0,2696.0,2656.0,0.55,0.16
32,17.94,956.0,2368.0,2192.0,2312.0,2144.0,0.57,0.14
33,18.64,854.0,2136.0,1952.0,2160.0,1968.0,0.57,0.71
34,18.7,775.0,2152.0,1968.0,2032.0,2160.0,0.57,0.76
35,18.58,732.0,2056.0,2168.0,2056.0,2176.0,0.59,0.59
36,18.47,698.0,2056.0,2136.0,2064.0,2224.0,0.61,0.08
37,18.41,666.0,2048.0,2176.0,2072.0,2216.0,0.61,0.06
38,18.41,633.0,2384.0,2504.0,2432.0,2856.0,0.61,0.04
39,18.05,661.0,2704.0,2616.0,2696.0,2632.0,0.61,0.06
40,17.64,691.0,2600.0,2616.0,2800.0,2728.0,0.65,0.75
41,17.23,731.0,2808.0,2624.0,2848.0,2832.0,0.67,0.82
42,16.46,789.0,3200.0,3032.0,3240.0,3296.0,0.63,0.76
43,15.46,864.0,3600.0,3512.0,3656.0,3664.0,0.59,0.14
44,14.87,951.0,3648.0,3840.0,3448.0,3872.0,0.57,0.06
45,16.34,1019.0,2736.0,2856.0,2592.0,2784.0,0.57,0.1
46,18.17,952.0,2376.0,2528.0,2800.0,2968.0,0.61,0.67
47,17.88,879.0,3456.0,3352.0,3432.0,3328.0,0.63,0.82
48,16.64,887.0,3144.0,2824.0,3032.0,2744.0,0.63,0.88
49,17.7,896.0,2392.0,2392.0,2344.0,2416.0,0.61,0.88
50,18.23,830.0,2720.0,3000.0,2952.0,3384.0,0.57,0.86
51,16.58,844.0,3248.0,3296.0,3328.0,3384.0,0.55,0.86
52,15.28,923.0,3208.0,3080.0,3000.0,2976.0,0.53,0.75
53,17.05,959.0,2416.0,2384.0,2304.0,2344.0,0.53,0.78
54,18.23,881.0,2056.0,2080.0,2056.0,2144.0,0.53,0.61
55,18.53,821.0,2272.0,2064.0,2312.0,2152.0,0.53,0.14
56,18.35,800.0,2496.0,2248.0,2696.0,2448.0,0.51,0.08
57,17.82,801.0,2552.0,2296.0,2416.0,2320.0,0.53,0.59
58,18.17,809.0,2312.0,2272.0,2096.0,2288.0,0.55,0.82
59,18.47,740.0,2352.0,2504.0,2280.0,2640.0,0.57,0.82
60,18.11,748.0,2336.0,2688.0,2328.0,2704.0,0.57,0.73
61,17.52,766.0,2496.0,2728.0,2464.0,2776.0,0.55,0.78
62,17.4,799.0,2352.0,2472.0,2296.0,2520.0,0.55,0.31
63,17.82,809.0,2432.0,2432.0,2520.0,3032.0,0.55,0.1
64,16.52,817.0,3184.0,3144.0,3368.0,3200.0,0.53,0.06
65,14.57,899.0,4024.0,3816.0,4192.0,4008.0,0.55,0.04
66,13.81,999.0,4552.0,4376.0,4648.0,4552.0,0.57,0.04
67,13.16,1113.0,5048.0,4936.0,5264.0,5056.0,0.59,0.04
68,12.57,1195.0,5464.0,4928.0,4952.0,4568.0,0.61,0.75
69,15.4,1219.0,3632.0,3224.0,2944.0,3288.0,0.61,0.88
70,18.17,1070.0,2232.0,2352.0,2608.0,2976.0,0.59,0.9
71,18.29,926.0,2552.0,2936.0,2456.0,2440.0,0.57,0.9
72,18.35,872.0,2304.0,2304.0,2296.0,2232.0,0.55,0.9
73,18.58,812.0,2176.0,2176.0,2168.0,2160.0,0.55,0.88
74,18.7,761.0,2352.0,2416.0,2600.0,2792.0,0.51,0.88
75,18.23,749.0,2280.0,2232.0,2264.0,2256.0,0.49,0.88
76,18.23,742.0,2496.0,2280.0,2512.0,2704.0,0.47,0.88
77,17.76,740.0,2616.0,2640.0,2664.0,2840.0,0.45,0.86
78,16.87,773.0,3032.0,2992.0,3104.0,3120.0,0.43,0.84
79,15.75,851.0,3248.0,3296.0,3304.0,3464.0,0.43,0.82
80,14.16,932.0,3816.0,4048.0,4192.0,4224.0,0.41,0.25
81,12.98,1035.0,3928.0,4048.0,3656.0,3680.0,0.47,0.04
82,16.28,1079.0,2760.0,2792.0,2592.0,2616.0,0.53,0.39
83,18.23,986.0,2320.0,2184.0,2440.0,2640.0,0.55,0.78
84,17.94,885.0,3136.0,3024.0,3408.0,3280.0,0.57,0.86
85,16.22,901.0,3104.0,2800.0,2976.0,2664.0,0.55,0.88
86,17.35,912.0,2568.0,2648.0,3064.0,2640.0,0.53,0.86
87,17.05,879.0,2656.0,2520.0,2600.0,2448.0,0.53,0.86
88,17.58,880.0,2296.0,2248.0,2224.0,2152.0,0.53,0.82
89,17.7,821.0,3344.0,3448.0,3400.0,3376.0,0.49,0.73
90,15.46,849.0,3840.0,4016.0,3816.0,4032.0,0.47,0.57
91,14.46,964.0,3520.0,3544.0,3232.0,3544.0,0.47,0.08
92,16.81,997.0,2584.0,2736.0,2568.0,2600.0,0.49,0.1
93,18.05,941.0,2272.0,2264.0,2256.0,2176.0,0.55,0.59
94,18.53,850.0,3064.0,2936.0,3408.0,3128.0,0.57,0.75
95,16.52,820.0,3728.0,3528.0,3768.0,3592.0,0.57,0.84
96,14.69,941.0,3584.0,3656.0,3664.0,3800.0,0.55,0.2
97,14.87,1045.0,3032.0,3032.0,2784.0,2752.0,0.53,0.04
98,17.64,968.0,3192.0,3648.0,3736.0,3496.0,0.57,0.71
99,14.34,992.0,4360.0,4168.0,4408.0,4168.0,0.59,0.82
100,13.04,1123.0,4336.0,4032.0,3560.0,3704.0,0.55,0.08
101,16.99,1093.0,2472.0,2392.0,2296.0,2264.0,0.57,0.84
102,18.88,912.0,2048.0,1928.0,2056.0,1912.0,0.59,0.86
103,18.88,781.0,2096.0,1992.0,2112.0,1992.0,0.57,0.84
104,18.53,735.0,2144.0,2064.0,2152.0,2152.0,0.63,0.82
105,18.41,688.0,2112.0,2120.0,2128.0,2120.0,0.63,0.82
106,18.29,634.0,2144.0,2128.0,2112.0,2128.0,0.63,0.82
107,18.11,616.0,2184.0,2240.0,2216.0,2280.0,0.61,0.82
108,17.64,618.0,2400.0,2464.0,2472.0,2464.0,0.61,0.78
109,16.99,640.0,2576.0,2752.0,2712.0,2784.0,0.61,0.71
110,16.7,676.0,2752.0,2856.0,2776.0,2824.0,0.61,0.71
111,16.93,705.0,2600.0,2760.0,2624.0,2584.0,0.61,0.76
112,17.35,703.0,2448.0,2480.0,2456.0,2440.0,0.61,0.8
113,17.58,694.0,2384.0,2376.0,2400.0,2368.0,0.61,0.78
114,17.64,686.0,2352.0,2368.0,2376.0,2368.0,0.61,0.75
115,17.58,680.0,2392.0,2376.0,2360.0,2328.0,0.61,0.41
116,17.82,674.0,2384.0,2312.0,2368.0,2296.0,0.61,0.12
117,17.88,679.0,2352.0,2312.0,2360.0,2312.0,0.61,0.08
118,17.88,644.0,2776.0,2352.0,3256.0,3224.0,0.63,0.2
119,17.23,676.0,2592.0,2584.0,2632.0,2600.0,0.63,0.8
120,17.05,693.0,2608.0,2696.0,2600.0,2696.0,0.65,0.86
121,17.11,692.0,2568.0,2648.0,2552.0,2632.0,0.63,0.84
122,17.29,689.0,2512.0,2608.0,2488.0,2608.0,0.63,0.78
123,17.4,683.0,2472.0,2536.0,2456.0,2464.0,0.63,0.75
124,17.4,677.0,2832.0,2952.0,2776.0,2888.0,0.55,0.71
125,16.93,690.0,2936.0,2800.0,2784.0,3048.0,0.55,0.69
126,16.4,751.0,2896.0,2976.0,2912.0,2960.0,0.53,0.8
127,16.11,814.0,2952.0,3032.0,3016.0,3056.0,0.53,0.61
128,15.69,867.0,3216.0,3304.0,3488.0,3288.0,0.53,0.08
129,15.28,930.0,3608.0,3480.0,3640.0,3560.0,0.53,0.04
130,15.28,992.0,3720.0,3760.0,3768.0,3744.0,0.55,0.06
131,15.87,1033.0,3312.0,3216.0,3336.0,3080.0,0.57,0.57
132,17.29,1010.0,2688.0,2664.0,2464.0,2664.0,0.59,0.82
133,18.35,912.0,2248.0,2384.0,2240.0,2360.0,0.61,0.84
134,18.41,831.0,2200.0,2208.0,2176.0,2184.0,0.57,0.78
135,18.41,757.0,2168.0,2192.0,2152.0,2184.0,0.55,0.25
136,18.29,681.0,2392.0,2328.0,2520.0,2360.0,0.55,0.84
137,17.76,682.0,2376.0,2520.0,2392.0,2504.0,0.57,0.84
138,17.94,692.0,2280.0,2456.0,2264.0,2416.0,0.55,0.84
139,18.05,674.0,2216.0,2256.0,2224.0,2264.0,0.55,0.82
140,18.11,682.0,2176.0,2224.0,2192.0,2224.0,0.55,0.78
141,18.11,685.0,2128.0,2200.0,2128.0,2176.0,0.53,0.76
142,18.23,678.0,2104.0,2128.0,2112.0,2160.0,0.51,0.73
143,18.23,684.0,2080.0,2152.0,2080.0,2152.0,0.53,0.67
144,18.23,683.0,2088.0,2120.0,2080.0,2112.0,0.53,0.22
145,18.23,676.0,2240.0,2136.0,2232.0,2128.0,0.55,0.1
146,18.23,681.0,2208.0,2120.0,2232.0,2144.0,0.55,0.51
147,18.11,696.0,2608.0,2720.0,2544.0,2768.0,0.57,0.82
148,16.87,775.0,3144.0,3616.0,3120.0,3472.0,0.61,0.82
149,15.16,917.0,3496.0,3688.0,3576.0,3696.0,0.57,0.1
150,14.93,1049.0,3856.0,3744.0,3864.0,3744.0,0.55,0.04
151,14.81,1104.0,4176.0,4072.0,4200.0,4088.0,0.57,0.04
152,14.69,1145.0,4472.0,4296.0,4344.0,4456.0,0.61,0.75
153,14.69,1189.0,4040.0,4272.0,3920.0,4056.0,0.61,0.82
154,16.22,1182.0,2952.0,2904.0,2824.0,2888.0,0.57,0.84
155,17.46,1099.0,2688.0,2712.0,2656.0,2752.0,0.55,0.78
156,17.23,1063.0,2752.0,2760.0,2752.0,2888.0,0.55,0.35
157,16.87,1065.0,3064.0,2840.0,3016.0,2896.0,0.55,0.06
158,17.58,1078.0,2712.0,2632.0,2704.0,2608.0,0.55,0.71
159,18.7,1045.0,2144.0,2168.0,1992.0,2144.0,0.61,0.82
160,19.82,986.0,1696.0,1840.0,1672.0,1744.0,0.59,0.84
161,20.41,962.0,1488.0,1528.0,1456.0,1528.0,0.57,0.84
162,20.65,954.0,1368.0,1408.0,1336.0,1384.0,0.57,0.78
163,20.83,947.0,1312.0,1352.0,1280.0,1352.0,0.55,0.8
164,21.06,948.0,1176.0,1216.0,1152.0,1216.0,0.53,0.78
165,21.24,935.0,1128.0,1208.0,1144.0,1208.0,0.53,0.78
166,21.24,925.0,1136.0,1304.0,1136.0,1304.0,0.53,0.49
167,21.18,911.0,1160.0,1384.0,1248.0,1496.0,0.55,0.1
168,20.24,918.0,1576.0,1728.0,1608.0,1912.0,0.57,0.04
169,19.53,992.0,1944.0,1880.0,1888.0,1840.0,0.61,0.04
170,20.3,1024.0,1600.0,1512.0,1536.0,1448.0,0.61,0.69
171,20.89,940.0,1416.0,1352.0,1392.0,1280.0,0.67,0.82
172,21.18,883.0,1184.0,1208.0,1192.0,1176.0,0.65,0.84
173,21.3,819.0,1160.0,1176.0,1160.0,1288.0,0.63,0.8
174,21.12,767.0,1232.0,1392.0,1256.0,1400.0,0.59,0.61
175,20.89,769.0,1320.0,1448.0,1328.0,1480.0,0.57,0.14
176,20.71,775.0,1352.0,1544.0,1384.0,1520.0,0.57,0.24
177,20.65,769.0,1528.0,1552.0,1640.0,1600.0,0.57,0.75
178,20.41,791.0,1672.0,1624.0,1776.0,1704.0,0.59,0.84
179,19.76,872.0,1896.0,1864.0,1928.0,1880.0,0.61,0.86
180,19.47,951.0,1896.0,1912.0,1912.0,1944.0,0.57,0.84
181,19.53,1028.0,1880.0,1896.0,1840.0,1904.0,0.57,0.78
182,19.65,1089.0,1840.0,1880.0,1848.0,1872.0,0.57,0.63
183,19.65,1077.0,1976.0,1880.0,2032.0,1984.0,0.55,0.08
184,19.06,1086.0,2248.0,2200.0,2296.0,2232.0,0.57,0.04
185,18.7,1127.0,2456.0,2480.0,2488.0,2488.0,0.59,0.04
186,18.64,1156.0,2504.0,2472.0,2496.0,2480.0,0.63,0.71
187,18.82,1162.0,2288.0,2376.0,2240.0,2384.0,0.65,0.82
188,19.23,1170.0,2064.0,1992.0,1808.0,1744.0,0.61,0.82
189,20.24,1141.0,1528.0,1520.0,1408.0,1424.0,0.57,0.8
190,21.06,1103.0,1240.0,1232.0,1192.0,1184.0,0.57,0.82
191,21.42,1079.0,1072.0,1088.0,1056.0,1072.0,0.57,0.84
192,21.54,989.0,1000.0,1040.0,1040.0,1048.0,0.53,0.8
193,21.54,904.0,960.0,1000.0,968.0,976.0,0.53,0.78
194,21.48,824.0,920.0,1056.0,1000.0,1112.0,0.53,0.61
195,20.94,786.0,1920.0,1712.0,1752.0,1800.0,0.53,0.1
196,19.82,843.0,1776.0,2000.0,1784.0,2056.0,0.55,0.84
197,18.53,948.0,2296.0,2544.0,2584.0,2960.0,0.57,0.67
198,15.69,1169.0,3760.0,3784.0,4024.0,3960.0,0.53,0.04
199,14.28,1343.0,4392.0,4392.0,4552.0,4544.0,0.55,0.06
200,14.4,1406.0,4312.0,4288.0,4240.0,4240.0,0.59,0.73
201,16.11,1396.0,3112.0,2888.0,2568.0,2568.0,0.57,0.8
202,19.06,1281.0,1896.0,1808.0,1744.0,1784.0,0.55,0.63
203,20.47,1199.0,1384.0,1368.0,1504.0,1344.0,0.53,0.1
204,21.18,1173.0,1304.0,1184.0,1296.0,1168.0,0.55,0.1
205,21.54,1135.0,1232.0,1160.0,1240.0,1152.0,0.61,0.53
206,21.59,1090.0,1248.0,1224.0,1240.0,1240.0,0.63,0.78
207,21.54,1010.0,1168.0,1256.0,1160.0,1264.0,0.67,0.78
208,21.48,936.0,1152.0,1304.0,1160.0,1312.0,0.67,0.63
209,21.36,856.0,1160.0,1304.0,1160.0,1320.0,0.65,0.08
210,21.3,808.0,1264.0,1360.0,1328.0,1432.0,0.65,0.04
211,21.0,761.0,1416.0,1576.0,1448.0,1600.0,0.67,0.04
212,20.47,769.0,1632.0,1616.0,1648.0,1632.0,0.67,0.18
213,20.36,777.0,1696.0,1640.0,1680.0,1640.0,0.67,0.71
214,20.36,773.0,1656.0,1624.0,1672.0,1624.0,0.69,0.84
215,20.41,771.0,1664.0,1624.0,1664.0,1608.0,0.67,0.86
216,20.41,764.0,1552.0,1600.0,1552.0,1632.0,0.67,0.86
217,20.18,748.0,1608.0,1672.0,1728.0,1960.0,0.61,0.84
218,18.76,743.0,2984.0,3168.0,3296.0,3312.0,0.59,0.9
219,15.34,868.0,4088.0,4056.0,4216.0,4432.0,0.57,0.88
220,12.8,1099.0,4864.0,5040.0,5016.0,5104.0,0.55,0.53
221,11.92,1278.0,5480.0,5208.0,5488.0,5272.0,0.55,0.08
222,12.51,1368.0,4856.0,4672.0,4368.0,4592.0,0.57,0.84
223,14.16,1324.0,4096.0,4232.0,4056.0,4040.0,0.55,0.12
224,14.57,1275.0,4128.0,3816.0,4160.0,3936.0,0.57,0.06
225,14.51,1267.0,4408.0,4104.0,4408.0,4048.0,0.63,0.71
226,16.34,1246.0,2944.0,2960.0,2632.0,2848.0,0.61,0.84
227,19.18,1119.0,1944.0,1944.0,1928.0,1976.0,0.61,0.86
228,19.35,1014.0,2720.0,2944.0,3024.0,3024.0,0.59,0.84
229,15.69,1168.0,3608.0,3664.0,3712.0,3736.0,0.53,0.75
230,15.04,1254.0,3816.0,4144.0,3872.0,4400.0,0.55,0.08
231,13.33,1333.0,5008.0,4920.0,5160.0,5088.0,0.57,0.06
232,11.68,1496.0,6040.0,5856.0,6168.0,6008.0,0.63,0.57
233,10.8,1585.0,6128.0,6368.0,6296.0,6568.0,0.61,0.76
234,9.44,1685.0,6696.0,6624.0,7104.0,6608.0,0.65,0.75
235,8.61,1775.0,7032.0,7504.0,7264.0,7632.0,0.63,0.78
236,6.9,1887.0,8264.0,7960.0,8320.0,8008.0,0.63,0.31
237,6.02,1983.0,8152.0,8208.0,8144.0,8584.0,0.63,0.78
238,5.9,2062.0,8000.0,8104.0,7968.0,8072.0,0.63,0.73
239,6.02,2107.0,7912.0,8248.0,8032.0,8400.0,0.63,0.65
240,5.96,2159.0,8280.0,7808.0,8488.0,7824.0,0.63,0.84
241,5.9,2203.0,7736.0,8088.0,7832.0,8384.0,0.63,0.31
242,5.96,2307.0,8112.0,7688.0,7816.0,8184.0,0.67,0.8
243,6.02,2389.0,7552.0,7576.0,8056.0,7688.0,0.63,0.51
244,5.9,2494.0,7640.0,8192.0,7784.0,7904.0,0.63,0.16
245,5.6,2611.0,7920.0,8392.0,8056.0,8584.0,0.65,0.73
246,5.49,2695.0,8392.0,8016.0,8544.0,8184.0,0.65,0.82
247,5.66,2840.0,8448.0,8088.0,8200.0,8696.0,0.65,0.73
248,5.9,2946.0,8496.0,8096.0,8664.0,8648.0,0.63,0.75
249,6.25,3054.0,8488.0,8248.0,8624.0,8288.0,0.63,0.78
250,6.78,3142.0,8024.0,7976.0,8000.0,7992.0,0.65,0.24
251,7.38,3238.0,7848.0,7872.0,7792.0,7800.0,0.63,0.69
252,8.26,3286.0,7568.0,7488.0,7496.0,7448.0,0.63,0.29
253,8.67,3268.0,7368.0,7792.0,7696.0,7280.0,0.63,0.14
254,7.49,2737.0,7304.0,7912.0,7560.0,7920.0,0.63,0.82
255,6.61,2211.0,7696.0,7224.0,7416.0,7432.0,0.65,0.75
256,6.73,2167.0,7184.0,7040.0,7232.0,7608.0,0.65,0.57
257,6.73,2187.0,7360.0,7088.0,7616.0,7592.0,0.67,0.69
258,6.67,2214.0,7096.0,7536.0,7280.0,7648.0,0.67,0.61
259,6.61,2235.0,7520.0,7464.0,7200.0,7624.0,0.67,0.75
260,6.55,2264.0,7520.0,7128.0,7616.0,7240.0,0.67,0.75
261,6.61,2286.0,7104.0,7152.0,7624.0,7272.0,0.67,0.78
262,6.61,2310.0,7120.0,7576.0,7184.0,7248.0,0.67,0.57
263,6.67,2329.0,7464.0,7168.0,7248.0,7624.0,0.67,0.65
264,6.67,2358.0,7560.0,7128.0,7672.0,7728.0,0.67,0.78
265,6.84,2384.0,7376.0,6984.0,7480.0,7064.0,0.67,0.8
266,7.2,2393.0,6856.0,7256.0,7000.0,7424.0,0.67,0.51
267,7.2,2379.0,7280.0,6880.0,7000.0,7424.0,0.67,0.71
268,7.2,2392.0,7256.0,6944.0,7416.0,7008.0,0.67,0.75
269,7.26,2402.0,6888.0,7280.0,6856.0,7016.0,0.67,0.22
270,7.26,2405.0,6912.0,7248.0,6912.0,7352.0,0.67,0.45
271,7.32,2417.0,6880.0,6936.0,6856.0,7376.0,0.67,0.55
272,7.26,2360.0,7248.0,6920.0,7408.0,6992.0,0.67,0.78
273,7.32,2378.0,6832.0,6816.0,6848.0,6920.0,0.67,0.2
274,7.26,2394.0,7032.0,7144.0,6904.0,7336.0,0.67,0.67
275,7.26,2417.0,7376.0,6896.0,6904.0,7320.0,0.67,0.67
276,7.32,2435.0,7400.0,7272.0,6936.0,7360.0,0.67,0.75
277,7.38,2460.0,7408.0,6992.0,7272.0,6992.0,0.67,0.76
278,7.61,2642.0,7288.0,6920.0,7224.0,7344.0,0.65,0.8
279,7.38,2639.0,7336.0,6968.0,6856.0,7376.0,0.65,0.75
280,7.49,2675.0,6936.0,7344.0,6832.0,7376.0,0.63,0.39
281,7.32,2687.0,7432.0,6992.0,6920.0,7440.0,0.65,0.76
282,6.96,2447.0,7568.0,7488.0,7840.0,7704.0,0.67,0.71
283,6.14,1888.0,7904.0,8232.0,8152.0,8304.0,0.67,0.75
284,5.66,1799.0,7552.0,7648.0,8240.0,7664.0,0.65,0.25
285,5.37,1779.0,7344.0,7664.0,7344.0,7808.0,0.67,0.14
286,5.25,1782.0,7800.0,7376.0,7912.0,7496.0,0.67,0.24
287,5.07,1793.0,7512.0,7808.0,7568.0,8040.0,0.67,0.47
288,5.01,1800.0,7976.0,7408.0,8144.0,7920.0,0.67,0.75
289,5.01,1820.0,7944.0,7416.0,8024.0,7480.0,0.63,0.59
290,5.13,1814.0,7544.0,7416.0,8104.0,7424.0,0.61,0.29
291,5.13,1797.0,7584.0,7928.0,7688.0,7896.0,0.61,0.55
292,4.9,1796.0,8056.0,7560.0,8168.0,8024.0,0.61,0.78
293,4.78,1771.0,7568.0,7592.0,8176.0,7592.0,0.61,0.71
294,4.72,1739.0,7696.0,7912.0,7856.0,8272.0,0.59,0.73
295,4.48,1657.0,8232.0,7792.0,8408.0,7896.0,0.61,0.75
296,4.37,1620.0,8280.0,7832.0,8352.0,7888.0,0.61,0.71
297,4.25,1626.0,7832.0,8280.0,8008.0,8432.0,0.59,0.8
298,4.19,1630.0,8208.0,7880.0,8392.0,7960.0,0.61,0.73
299,4.13,1631.0,7904.0,8272.0,7896.0,8048.0,0.59,0.73
300,4.13,1651.0,8344.0,8344.0,7944.0,8408.0,0.59,0.71
301,4.07,1656.0,8312.0,7936.0,8464.0,7984.0,0.57,0.75
302,4.01,1650.0,7808.0,8280.0,7984.0,8472.0,0.57,0.25
303,4.01,1644.0,8240.0,7936.0,8336.0,7880.0,0.59,0.51
304,4.31,1661.0,7656.0,8072.0,7680.0,8184.0,0.57,0.35
305,4.96,1665.0,7368.0,7400.0,7536.0,7536.0,0.57,0.76
306,5.13,1671.0,7280.0,7704.0,7344.0,7840.0,0.57,0.35
307,5.72,1667.0,7496.0,7144.0,7696.0,7216.0,0.57,0.76
308,5.84,1671.0,7040.0,7480.0,7184.0,7608.0,0.57,0.22
309,5.72,1680.0,7456.0,7048.0,7552.0,7608.0,0.57,0.75
310,6.25,1680.0,6968.0,6648.0,6744.0,6352.0,0.57,0.8
311,8.73,1677.0,5768.0,5696.0,5800.0,5688.0,0.55,0.78
312,9.44,1680.0,5520.0,5536.0,5272.0,5312.0,0.53,0.82
313,10.68,1684.0,4952.0,5248.0,4712.0,4880.0,0.51,0.67
314,11.33,1680.0,4608.0,4712.0,4512.0,4712.0,0.51,0.43
315,11.74,1680.0,4792.0,4440.0,4600.0,4656.0,0.51,0.73
316,12.51,1686.0,4400.0,4816.0,4480.0,4696.0,0.51,0.08
317,10.86,1817.0,5360.0,5464.0,5432.0,5496.0,0.53,0.12
318,10.03,1829.0,5896.0,5984.0,5864.0,6056.0,0.55,0.14
319,9.5,1846.0,6296.0,5944.0,6136.0,5928.0,0.57,0.78
320,9.32,1835.0,5904.0,6160.0,5656.0,5688.0,0.57,0.53
321,12.57,1775.0,4288.0,3936.0,3856.0,3696.0,0.55,0.84
322,14.81,1691.0,3704.0,3712.0,3616.0,3816.0,0.53,0.8
323,14.28,1824.0,3832.0,4160.0,3712.0,4024.0,0.51,0.73
324,14.99,1792.0,3488.0,3704.0,3560.0,3768.0,0.49,0.31
325,13.51,1815.0,4456.0,4488.0,4432.0,4672.0,0.51,0.1
326,13.75,1607.0,4000.0,3808.0,3360.0,3616.0,0.51,0.82
327,15.81,1402.0,3200.0,3472.0,3184.0,3464.0,0.51,0.75
328,13.98,1414.0,4504.0,4384.0,4640.0,4616.0,0.49,0.1
329,11.98,1490.0,5120.0,5200.0,4984.0,4976.0,0.51,0.71
330,13.57,1478.0,3936.0,4136.0,3768.0,3992.0,0.51,0.76
331,14.51,1418.0,3680.0,3808.0,3664.0,3832.0,0.49,0.14
332,14.1,1435.0,3592.0,3536.0,3392.0,3152.0,0.51,0.69
333,17.88,1364.0,2208.0,2328.0,2160.0,2296.0,0.53,0.82
334,18.53,1338.0,2400.0,2488.0,2480.0,2680.0,0.51,0.49
335,16.7,1387.0,3344.0,3520.0,3928.0,4128.0,0.51,0.04
336,12.8,1444.0,5304.0,5704.0,5696.0,5976.0,0.51,0.29
337,10.91,1413.0,5664.0,6184.0,5624.0,6256.0,0.53,0.57
338,9.09,1262.0,6904.0,6688.0,7128.0,6928.0,0.57,0.12
339,7.67,1276.0,7480.0,6952.0,7128.0,7104.0,0.59,0.82
340,8.02,1276.0,6424.0,6192.0,5520.0,6104.0,0.57,0.84
341,12.09,1273.0,4760.0,4888.0,4880.0,5264.0,0.51,0.75
342,9.73,1275.0,6048.0,6640.0,6536.0,7024.0,0.57,0.04
343,7.43,1326.0,7424.0,7624.0,7432.0,7744.0,0.57,0.47
344,7.08,1310.0,7624.0,7280.0,7752.0,7496.0,0.61,0.78
345,6.55,1285.0,7360.0,7344.0,7408.0,7408.0,0.65,0.8
346,7.73,1275.0,6432.0,6720.0,6216.0,6784.0,0.59,0.82
347,8.67,1283.0,6024.0,6216.0,6040.0,6304.0,0.57,0.37
348,8.5,1288.0,6432.0,6256.0,6440.0,6360.0,0.57,0.63
349,7.73,1282.0,6704.0,7392.0,6776.0,7920.0,0.57,0.04
350,6.73,1289.0,7160.0,6984.0,7144.0,6976.0,0.59,0.71
351,9.09,1287.0,6536.0,6256.0,6168.0,6440.0,0.61,0.82
352,8.26,1285.0,6512.0,6576.0,6512.0,6856.0,0.57,0.1
353,6.9,1293.0,7688.0,7696.0,7608.0,7824.0,0.57,0.75
354,6.9,1288.0,7208.0,7568.0,7104.0,7672.0,0.57,0.73
355,6.67,1294.0,7272.0,7320.0,7624.0,7472.0,0.57,0.12
356,5.84,1287.0,8280.0,8144.0,8168.0,8336.0,0.57,0.78
357,5.25,1293.0,7840.0,7904.0,7872.0,8040.0,0.57,0.22
358,5.01,1303.0,8384.0,7920.0,8440.0,8000.0,0.57,0.75
359,4.96,1295.0,7584.0,7912.0,7584.0,8184.0,0.57,0.76
360,3.36,1285.0,8984.0,8712.0,9152.0,8952.0,0.57,0.18
361,2.77,1294.0,9360.0,8736.0,8824.0,9464.0,0.59,0.86
362,2.65,1297.0,8784.0,8792.0,9232.0,8864.0,0.57,0.18
363,2.65,1296.0,9192.0,8632.0,8640.0,9256.0,0.57,0.75
364,2.48,1296.0,8680.0,8648.0,9112.0,8800.0,0.57,0.14
365,2.36,1310.0,8672.0,9240.0,8640.0,9256.0,0.55,0.82
366,2.36,1293.0,8560.0,8664.0,9072.0,8840.0,0.55,0.12
367,2.42,1288.0,8560.0,9088.0,8592.0,9264.0,0.55,0.82
368,2.42,1305.0,8536.0,8648.0,9032.0,8840.0,0.55,0.14
369,2.3,1290.0,8672.0,9200.0,8664.0,9392.0,0.55,0.78
370,2.18,1306.0,9120.0,8752.0,9128.0,8960.0,0.55,0.67
371,2.18,1293.0,8744.0,9232.0,8712.0,9400.0,0.57,0.47
372,2.12,1292.0,9176.0,8784.0,9144.0,8920.0,0.57,0.65
373,2.24,1276.0,8688.0,9192.0,8680.0,9392.0,0.57,0.12
374,2.12,1297.0,9200.0,8736.0,9240.0,9352.0,0.57,0.78
375,2.01,1300.0,8784.0,9256.0,8872.0,8864.0,0.57,0.71
376,2.01,1303.0,9176.0,8640.0,9184.0,9288.0,0.57,0.78
377,2.12,1291.0,8696.0,9184.0,8704.0,8784.0,0.57,0.59
378,2.12,1298.0,9160.0,8680.0,9096.0,9288.0,0.57,0.76
379,2.12,1302.0,8672.0,9152.0,8776.0,8776.0,0.57,0.61
380,2.18,1293.0,9168.0,8672.0,8664.0,9288.0,0.55,0.75
381,2.3,1295.0,8576.0,8528.0,8872.0,8600.0,0.55,0.61
382,2.71,1284.0,8872.0,8416.0,8872.0,8600.0,0.53,0.78
383,2.77,1293.0,8312.0,8816.0,8304.0,8456.0,0.53,0.78
384,2.6,1302.0,8816.0,8408.0,8784.0,8560.0,0.53,0.8
385,2.54,1301.0,8384.0,8880.0,8392.0,8544.0,0.53,0.51
386,2.6,1293.0,8784.0,8344.0,8840.0,8560.0,0.55,0.65
387,2.54,1289.0,8344.0,8920.0,8424.0,9072.0,0.55,0.2
388,2.24,1286.0,9000.0,8520.0,8984.0,8720.0,0.55,0.41
389,2.18,1293.0,8584.0,9096.0,8576.0,8760.0,0.57,0.76
390,2.18,1304.0,9064.0,8568.0,8600.0,9192.0,0.57,0.53
391,2.18,1292.0,8616.0,8632.0,9096.0,8832.0,0.57,0.14
392,2.01,1281.0,9144.0,9144.0,8680.0,9336.0,0.57,0.75
393,1.95,1291.0,9208.0,8672.0,9160.0,8864.0,0.57,0.41
394,1.89,1294.0,9264.0,9240.0,8776.0,9384.0,0.57,0.73
395,1.89,1297.0,8824.0,9296.0,9208.0,8896.0,0.57,0.75
396,1.83,1298.0,9176.0,8704.0,8744.0,8872.0,0.53,0.8
397,1.77,1297.0,8728.0,9224.0,8688.0,8888.0,0.53,0.25
398,1.77,1280.0,9208.0,9208.0,8776.0,9408.0,0.55,0.35
399,2.12,1295.0,8360.0,7976.0,8128.0,7896.0,0.53,0.76
400,5.6,1294.0,6968.0,6672.0,6504.0,6448.0,0.53,0.82
401,6.84,1303.0,6624.0,6664.0,6728.0,7032.0,0.51,0.37
402,4.9,1286.0,7376.0,7752.0,7384.0,7864.0,0.53,0.06
403,4.54,1289.0,7872.0,7544.0,8000.0,7696.0,0.55,0.76
404,4.72,1303.0,7128.0,7360.0,6872.0,7296.0,0.55,0.84
405,7.08,1290.0,6256.0,6376.0,6336.0,6632.0,0.53,0.8
406,5.72,1290.0,7368.0,6952.0,7112.0,6960.0,0.53,0.18
407,9.14,1284.0,5416.0,5808.0,5976.0,6240.0,0.53,0.82
408,5.72,1296.0,7640.0,7384.0,7664.0,7456.0,0.55,0.08
409,6.84,1276.0,6360.0,6216.0,6008.0,5992.0,0.53,0.82
410,9.26,1273.0,5824.0,6368.0,6208.0,6440.0,0.53,0.18
411,6.73,1269.0,6392.0,5768.0,5888.0,5448.0,0.53,0.76
412,12.74,1276.0,4224.0,4304.0,4280.0,4528.0,0.47,0.78
413,10.27,1267.0,5896.0,6504.0,6792.0,7592.0,0.53,0.04
414,4.13,1288.0,8280.0,8832.0,8688.0,9152.0,0.55,0.02
415,3.01,1273.0,9160.0,9232.0,9296.0,8912.0,0.61,0.06
416,2.65,1265.0,9264.0,8704.0,8824.0,8872.0,0.63,0.82
417,2.54,1272.0,8832.0,9192.0,8856.0,8928.0,0.65,0.8
418,2.65,1266.0,9112.0,8512.0,9088.0,8640.0,0.63,0.84
419,2.48,1268.0,8688.0,9136.0,8712.0,9208.0,0.59,0.25
420,2.95,1274.0,8488.0,7912.0,8352.0,7872.0,0.57,0.84
421,3.89,1269.0,7952.0,7872.0,8064.0,8552.0,0.57,0.76
422,3.01,1268.0,8288.0,8728.0,8400.0,8920.0,0.57,0.47
423,2.77,1267.0,8888.0,8368.0,8808.0,8520.0,0.57,0.75
424,2.54,1255.0,8520.0,8992.0,8576.0,9184.0,0.57,0.71
425,2.36,1275.0,9032.0,8536.0,9048.0,8736.0,0.55,0.71
426,2.3,1276.0,8568.0,9088.0,8592.0,9144.0,0.55,0.69
427,2.3,1264.0,9032.0,8608.0,9032.0,8752.0,0.55,0.37
428,2.24,1256.0,8664.0,8936.0,8432.0,8920.0,0.55,0.22
429,3.72,1265.0,8296.0,7896.0,8312.0,8016.0,0.55,0.73
430,3.3,1273.0,8112.0,8528.0,8048.0,8600.0,0.53,0.63
431,3.89,1258.0,8176.0,7752.0,8112.0,7808.0,0.53,0.75
432,4.42,1258.0,7104.0,6504.0,6152.0,6392.0,0.49,0.82
433,12.45,1239.0,3928.0,3912.0,3400.0,3584.0,0.41,0.88
434,15.1,1247.0,3624.0,3864.0,3840.0,4432.0,0.41,0.86
435,11.5,1256.0,4576.0,4904.0,4744.0,5200.0,0.39,0.49
436,9.56,1249.0,5200.0,5712.0,5280.0,5800.0,0.41,0.04
437,10.68,1242.0,4960.0,4656.0,4840.0,4664.0,0.47,0.65
438,10.8,1235.0,4936.0,4984.0,5224.0,5784.0,0.47,0.08
439,8.44,1252.0,5904.0,6192.0,6096.0,6336.0,0.53,0.04
440,10.32,1232.0,5008.0,4672.0,4800.0,4480.0,0.53,0.84
441,13.57,1239.0,3872.0,3784.0,3696.0,3664.0,0.51,0.76
442,15.04,1229.0,3080.0,3288.0,2912.0,3216.0,0.47,0.8
443,16.05,1223.0,2920.0,3168.0,3120.0,3504.0,0.47,0.16
444,13.98,1219.0,4160.0,4272.0,4464.0,4720.0,0.47,0.04
445,11.27,1221.0,5432.0,5688.0,5624.0,5896.0,0.49,0.04
446,9.85,1215.0,6168.0,6440.0,6568.0,6744.0,0.57,0.1
447,8.38,1204.0,7104.0,6584.0,7048.0,6616.0,0.61,0.73
448,8.85,1209.0,6160.0,5920.0,5976.0,5856.0,0.61,0.82
449,10.62,1203.0,5264.0,5048.0,5168.0,5072.0,0.57,0.82
450,11.8,1199.0,4736.0,4648.0,4712.0,4680.0,0.53,0.8
451,12.27,1199.0,4456.0,4808.0,4472.0,4984.0,0.49,0.51
452,10.38,1197.0,6056.0,6040.0,6528.0,6504.0,0.55,0.04
453,6.43,1198.0,7832.0,7664.0,8072.0,7992.0,0.57,0.08
454,5.78,1184.0,8240.0,8128.0,8168.0,8232.0,0.61,0.76
455,5.49,1183.0,7904.0,8096.0,7808.0,7776.0,0.61,0.76
456,5.78,1186.0,6736.0,6368.0,6152.0,5960.0,0.59,0.84
457,11.45,1177.0,4640.0,4256.0,4168.0,4216.0,0.49,0.86
458,13.75,1180.0,3992.0,4024.0,4040.0,4104.0,0.49,0.78
459,12.63,1177.0,4160.0,4504.0,4112.0,4520.0,0.47,0.2
460,13.39,1170.0,4384.0,4272.0,4464.0,4416.0,0.45,0.16
461,12.04,1172.0,4872.0,5048.0,5088.0,5248.0,0.45,0.12
462,11.68,1169.0,4904.0,4960.0,4888.0,4896.0,0.47,0.69
463,12.45,1167.0,4832.0,5536.0,5000.0,5856.0,0.45,0.18
464,8.5,1166.0,6776.0,6416.0,6864.0,6944.0,0.53,0.04
465,6.08,1163.0,8072.0,7960.0,8288.0,8200.0,0.57,0.04
466,5.13,1164.0,8336.0,8192.0,8216.0,7936.0,0.61,0.82
467,6.96,1149.0,7280.0,7328.0,7312.0,7560.0,0.57,0.82
468,5.72,1154.0,7656.0,7600.0,7776.0,7704.0,0.53,0.27
469,6.55,1163.0,6712.0,6744.0,6416.0,6656.0,0.53,0.82
470,9.5,1151.0,5680.0,5632.0,5544.0,5648.0,0.53,0.82
471,10.21,1152.0,5336.0,5328.0,5192.0,5224.0,0.51,0.8
472,12.33,1146.0,3920.0,3800.0,3544.0,3440.0,0.47,0.82
473,16.64,1144.0,3088.0,3304.0,3224.0,3496.0,0.45,0.84
474,13.63,1400.0,4304.0,4472.0,4520.0,5400.0,0.43,0.04
475,9.56,1523.0,5632.0,6232.0,6040.0,6384.0,0.47,0.02
476,11.86,1615.0,4232.0,3848.0,3712.0,3504.0,0.55,0.76
477,16.34,1440.0,2832.0,2840.0,2688.0,2784.0,0.57,0.82
478,16.46,1331.0,3016.0,3176.0,3128.0,3544.0,0.53,0.06
479,14.51,1332.0,3832.0,4040.0,3960.0,4320.0,0.51,0.04
480,13.86,1404.0,4288.0,4632.0,4472.0,4816.0,0.55,0.1
481,12.04,1473.0,5720.0,5576.0,5912.0,6160.0,0.57,0.06
482,8.73,1608.0,7304.0,7112.0,7264.0,7192.0,0.67,0.78
483,8.97,1554.0,6592.0,6648.0,6416.0,6264.0,0.63,0.84
484,9.79,1485.0,5976.0,5928.0,6048.0,6104.0,0.57,0.78
485,8.14,1469.0,6904.0,7376.0,7128.0,7448.0,0.57,0.06
486,6.61,1500.0,7904.0,7888.0,8032.0,8032.0,0.57,0.65
487,6.19,1474.0,8008.0,7392.0,7744.0,7128.0,0.57,0.84
488,9.26,1363.0,5400.0,5192.0,5224.0,4736.0,0.51,0.86
489,12.92,1143.0,4160.0,4056.0,4088.0,3960.0,0.49,0.84
490,13.98,1141.0,3696.0,3536.0,3552.0,3528.0,0.47,0.84
491,15.34,1212.0,3024.0,3048.0,2912.0,3064.0,0.47,0.8
492,16.34,1139.0,2736.0,3056.0,2728.0,3128.0,0.47,0.71
493,16.17,1089.0,2808.0,2976.0,3040.0,3056.0,0.47,0.08
494,15.93,1088.0,3096.0,3040.0,3104.0,2952.0,0.47,0.06
495,16.76,1067.0,2720.0,2632.0,2528.0,2584.0,0.47,0.76
496,18.05,1056.0,2184.0,2312.0,2096.0,2328.0,0.47,0.84
497,18.64,1057.0,1992.0,2176.0,2024.0,2080.0,0.47,0.8
498,18.41,1053.0,2104.0,2224.0,2184.0,2240.0,0.47,0.61
499,17.99,1050.0,2400.0,2344.0,2472.0,2344.0,0.47,0.08
500,17.64,1043.0,2544.0,2600.0,2688.0,2648.0,0.47,0.08
501,16.81,1036.0,2880.0,2968.0,2880.0,2920.0,0.47,0.12
502,17.94,1036.0,2176.0,2288.0,2024.0,2080.0,0.47,0.84
503,19.76,1140.0,1576.0,1720.0,1600.0,1640.0,0.47,0.84
504,20.36,1108.0,1368.0,1440.0,1368.0,1464.0,0.47,0.86
505,19.94,1091.0,1536.0,1752.0,1688.0,1744.0,0.47,0.84
506,19.0,1132.0,1872.0,2024.0,1928.0,2056.0,0.47,0.71
507,18.53,1149.0,1968.0,2088.0,2024.0,2272.0,0.47,0.14
508,18.76,1147.0,1904.0,2128.0,1840.0,1984.0,0.47,0.1
509,19.59,1128.0,1672.0,1520.0,1576.0,1512.0,0.47,0.73
510,20.65,1094.0,1240.0,1192.0,1224.0,1064.0,0.47,0.84
511,21.59,1058.0,880.0,872.0,816.0,856.0,0.47,0.86
512,22.07,1030.0,752.0,744.0,736.0,728.0,0.35,0.84
513,22.24,1014.0,720.0,736.0,720.0,728.0,0.35,0.84
514,22.3,1000.0,720.0,728.0,712.0,736.0,0.33,0.84
515,22.3,989.0,720.0,808.0,728.0,832.0,0.33,0.8
516,22.3,990.0,712.0,840.0,712.0,808.0,0.31,0.8
517,22.3,983.0,680.0,824.0,696.0,832.0,0.31,0.71
518,22.3,963.0,688.0,856.0,688.0,840.0,0.31,0.2
519,22.3,953.0,672.0,856.0,672.0,856.0,0.31,0.06
520,22.3,947.0,752.0,880.0,760.0,864.0,0.31,0.04
521,22.3,946.0,768.0,880.0,768.0,880.0,0.33,0.04
522,22.3,947.0,784.0,792.0,768.0,800.0,0.33,0.08
523,22.3,940.0,792.0,808.0,792.0,808.0,0.33,0.08
524,22.3,935.0,808.0,808.0,816.0,816.0,0.33,0.33
525,22.3,928.0,832.0,888.0,728.0,880.0,0.33,0.63
526,22.3,918.0,744.0,912.0,728.0,888.0,0.33,0.14
527,22.24,901.0,744.0,912.0,752.0,912.0,0.33,0.06
528,22.24,887.0,736.0,912.0,752.0,912.0,0.33,0.04
529,22.24,879.0,832.0,832.0,808.0,832.0,0.33,0.04
530,22.24,881.0,816.0,824.0,816.0,824.0,0.31,0.04
531,22.24,883.0,840.0,824.0,824.0,824.0,0.31,0.06
532,22.24,870.0,848.0,880.0,896.0,1048.0,0.31,0.27
533,21.3,889.0,1400.0,1480.0,1360.0,1544.0,0.31,0.61
534,20.3,969.0,1544.0,1752.0,1584.0,1824.0,0.43,0.82
535,19.59,1055.0,1752.0,1984.0,1760.0,1896.0,0.43,0.59
536,19.06,1066.0,1928.0,2072.0,2144.0,2128.0,0.43,0.06
537,18.41,1069.0,2304.0,2224.0,2352.0,2296.0,0.43,0.06
538,17.94,1091.0,2504.0,2552.0,2528.0,2560.0,0.45,0.06
539,17.82,1105.0,2616.0,2624.0,2648.0,2632.0,0.45,0.53
540,17.7,1109.0,2488.0,2712.0,2552.0,2712.0,0.47,0.75
541,17.23,1116.0,2656.0,2912.0,2728.0,2784.0,0.47,0.08
542,16.58,1149.0,3040.0,2936.0,3200.0,3032.0,0.45,0.24
543,15.99,1194.0,3184.0,3376.0,3224.0,3504.0,0.47,0.76
544,15.81,1224.0,3248.0,3528.0,3216.0,3384.0,0.45,0.14
545,15.69,1187.0,3488.0,3352.0,3496.0,3416.0,0.47,0.06
546,15.28,1111.0,3752.0,3648.0,3768.0,3696.0,0.47,0.31
547,15.16,1116.0,3608.0,3704.0,3608.0,3856.0,0.49,0.78
548,15.22,1099.0,3424.0,3440.0,3112.0,3096.0,0.47,0.76
549,17.7,1083.0,2064.0,2040.0,1912.0,1896.0,0.49,0.82
550,20.18,1112.0,1432.0,1296.0,1264.0,1256.0,0.49,0.84
551,21.59,1036.0,984.0,944.0,928.0,944.0,0.49,0.8
552,22.07,998.0,824.0,824.0,832.0,808.0,0.37,0.22
553,22.18,973.0,792.0,792.0,872.0,784.0,0.37,0.08
554,22.24,964.0,856.0,776.0,856.0,784.0,0.37,0.06
555,22.24,962.0,872.0,800.0,848.0,792.0,0.37,0.06
556,22.3,960.0,848.0,792.0,856.0,792.0,0.37,0.06
557,22.3,957.0,872.0,872.0,888.0,872.0,0.37,0.08
558,22.3,959.0,888.0,872.0,888.0,872.0,0.35,0.12
559,22.3,967.0,880.0,872.0,888.0,880.0,0.35,0.22
560,22.36,965.0,888.0,896.0,888.0,896.0,0.35,0.63
561,22.36,967.0,824.0,912.0,808.0,896.0,0.35,0.75
562,22.36,958.0,816.0,920.0,808.0,928.0,0.35,0.76
563,22.36,958.0,816.0,920.0,816.0,912.0,0.33,0.67
564,22.36,954.0,808.0,912.0,808.0,840.0,0.35,0.14
565,22.36,943.0,872.0,832.0,872.0,832.0,0.35,0.06
566,22.36,943.0,880.0,832.0,880.0,832.0,0.35,0.06
567,22.36,942.0,904.0,840.0,896.0,848.0,0.35,0.2
568,22.36,942.0,912.0,912.0,904.0,912.0,0.35,0.69
569,22.36,959.0,840.0,920.0,832.0,912.0,0.33,0.78
570,22.36,958.0,832.0,920.0,840.0,920.0,0.33,0.76
571,22.42,957.0,800.0,912.0,816.0,920.0,0.33,0.71
572,22.42,962.0,808.0,832.0,792.0,840.0,0.33,0.29
573,22.42,958.0,808.0,832.0,888.0,840.0,0.33,0.1
574,22.42,951.0,872.0,832.0,872.0,824.0,0.33,0.06
575,22.42,956.0,888.0,816.0,904.0,824.0,0.33,0.1
576,22.42,955.0,880.0,824.0,880.0,800.0,0.33,0.29
577,22.42,958.0,904.0,888.0,912.0,896.0,0.33,0.71
578,22.42,965.0,824.0,872.0,832.0,880.0,0.33,0.75
579,22.42,964.0,832.0,872.0,824.0,904.0,0.31,0.76
580,22.42,957.0,808.0,880.0,808.0,904.0,0.31,0.27
581,22.42,961.0,816.0,904.0,816.0,904.0,0.31,0.06
582,22.42,962.0,896.0,832.0,880.0,840.0,0.31,0.06
583,22.42,963.0,904.0,832.0,896.0,832.0,0.31,0.06
584,22.42,962.0,904.0,832.0,896.0,832.0,0.31,0.53
585,22.42,966.0,904.0,832.0,896.0,832.0,0.31,0.73
586,22.42,972.0,824.0,912.0,816.0,904.0,0.31,0.78
587,22.48,973.0,784.0,880.0,800.0,888.0,0.29,0.8
588,22.48,979.0,792.0,888.0,768.0,880.0,0.29,0.75
589,22.07,989.0,1360.0,1536.0,1568.0,1576.0,0.29,0.49
590,20.06,1109.0,1856.0,1992.0,1912.0,2080.0,0.41,0.75
591,19.59,1219.0,1544.0,1568.0,1504.0,1312.0,0.41,0.47
592,21.65,1114.0,1096.0,1032.0,1056.0,928.0,0.31,0.75
593,22.18,1062.0,1112.0,968.0,1032.0,960.0,0.31,0.8
594,22.12,1072.0,888.0,896.0,872.0,840.0,0.29,0.82
595,22.42,1059.0,768.0,768.0,760.0,832.0,0.29,0.76
596,22.54,1031.0,728.0,800.0,728.0,808.0,0.29,0.1
597,22.54,1001.0,720.0,816.0,720.0,792.0,0.29,0.04
598,22.6,990.0,728.0,816.0,728.0,816.0,0.29,0.04
599,22.6,984.0,784.0,840.0,808.0,832.0,0.31,0.04
600,22.6,998.0,808.0,848.0,808.0,856.0,0.31,0.04
601,22.6,1000.0,824.0,872.0,824.0,864.0,0.31,0.04
602,22.54,1003.0,832.0,880.0,832.0,880.0,0.29,0.04
603,22.54,1011.0,856.0,904.0,872.0,896.0,0.29,0.06
604,22.54,1015.0,864.0,912.0,888.0,904.0,0.29,0.06
605,22.54,1021.0,896.0,920.0,888.0,848.0,0.29,0.16
606,22.54,1020.0,896.0,832.0,904.0,848.0,0.29,0.63
607,22.54,1021.0,888.0,832.0,896.0,824.0,0.29,0.73
608,22.54,1016.0,872.0,840.0,880.0,832.0,0.29,0.76
609,22.54,1009.0,800.0,912.0,808.0,920.0,0.29,0.8
610,22.54,1002.0,816.0,936.0,808.0,928.0,0.29,0.76
611,22.54,996.0,792.0,920.0,792.0,920.0,0.27,0.39
612,22.54,984.0,784.0,952.0,784.0,944.0,0.29,0.06
613,22.54,981.0,872.0,840.0,856.0,848.0,0.29,0.04
614,22.54,982.0,856.0,840.0,864.0,848.0,0.29,0.04
615,22.48,975.0,872.0,856.0,880.0,864.0,0.29,0.06
616,22.48,967.0,896.0,864.0,896.0,872.0,0.29,0.06
617,22.48,967.0,928.0,968.0,936.0,952.0,0.29,0.1
618,22.48,970.0,936.0,976.0,928.0,944.0,0.29,0.65
619,22.48,969.0,864.0,968.0,856.0,968.0,0.29,0.78
620,22.48,963.0,840.0,960.0,848.0,944.0,0.29,0.78
621,22.48,955.0,840.0,952.0,848.0,928.0,0.27,0.78
622,22.48,947.0,832.0,920.0,832.0,848.0,0.27,0.76
623,22.42,930.0,808.0,840.0,808.0,848.0,0.25,0.75
624,22.42,915.0,800.0,832.0,808.0,840.0,0.25,0.18
625,22.42,900.0,792.0,832.0,808.0,832.0,0.25,0.08
626,22.36,881.0,904.0,816.0,904.0,816.0,0.25,0.04
627,22.36,877.0,904.0,808.0,896.0,832.0,0.25,0.06
628,22.36,877.0,912.0,816.0,920.0,816.0,0.27,0.06
629,22.3,872.0,928.0,824.0,936.0,832.0,0.27,0.08
630,22.3,862.0,952.0,912.0,952.0,936.0,0.27,0.16
631,22.24,874.0,968.0,960.0,952.0,952.0,0.27,0.65
632,22.24,882.0,896.0,952.0,904.0,944.0,0.27,0.76
633,22.24,882.0,896.0,952.0,888.0,936.0,0.25,0.8
634,22.24,884.0,880.0,936.0,880.0,936.0,0.25,0.82
635,22.24,873.0,872.0,944.0,872.0,920.0,0.25,0.8
636,22.24,870.0,832.0,856.0,824.0,848.0,0.25,0.78
637,22.3,864.0,824.0,832.0,832.0,832.0,0.25,0.76
638,22.3,849.0,832.0,848.0,808.0,824.0,0.25,0.16
639,22.3,839.0,824.0,832.0,832.0,832.0,0.25,0.08
640,22.24,835.0,896.0,832.0,904.0,832.0,0.25,0.06
641,22.24,829.0,912.0,840.0,904.0,840.0,0.25,0.06
642,22.24,843.0,920.0,832.0,920.0,840.0,0.25,0.06
643,22.24,850.0,920.0,856.0,936.0,848.0,0.25,0.41
644,22.24,860.0,856.0,936.0,856.0,944.0,0.25,0.69
645,22.24,862.0,832.0,928.0,832.0,928.0,0.25,0.73
646,22.24,870.0,824.0,928.0,832.0,936.0,0.25,0.71
647,22.3,866.0,832.0,944.0,832.0,944.0,0.25,0.18
648,22.3,876.0,832.0,848.0,816.0,856.0,0.25,0.08
649,22.3,871.0,888.0,864.0,880.0,840.0,0.25,0.08
650,22.3,876.0,912.0,832.0,880.0,832.0,0.25,0.12
651,22.3,879.0,912.0,824.0,904.0,808.0,0.25,0.53
652,22.36,887.0,896.0,800.0,800.0,800.0,0.25,0.73
653,22.36,881.0,808.0,792.0,792.0,792.0,0.25,0.76
654,22.24,875.0,1024.0,1104.0,1096.0,1144.0,0.25,0.76
655,21.59,919.0,1224.0,1440.0,1304.0,1504.0,0.25,0.8
656,20.06,1035.0,1712.0,2024.0,1936.0,2032.0,0.37,0.78
657,18.53,1158.0,2240.0,2416.0,2536.0,2464.0,0.37,0.08
658,17.52,1166.0,2728.0,2720.0,2888.0,2792.0,0.37,0.06
659,16.7,1200.0,3216.0,3192.0,3272.0,3240.0,0.35,0.47
660,16.22,1234.0,3240.0,3448.0,3328.0,3632.0,0.37,0.67
661,15.1,1284.0,3584.0,3624.0,3848.0,3728.0,0.37,0.06
662,14.87,1328.0,3856.0,3616.0,3568.0,3400.0,0.37,0.49
663,17.58,1282.0,2320.0,2336.0,2240.0,2488.0,0.37,0.8
664,18.41,1176.0,2376.0,2376.0,2504.0,2568.0,0.37,0.2
665,17.11,1191.0,2976.0,2848.0,3176.0,2984.0,0.37,0.06
666,16.22,1234.0,3400.0,3376.0,3576.0,3440.0,0.37,0.06
667,15.63,1218.0,3768.0,3688.0,3832.0,3856.0,0.41,0.51
668,14.81,1168.0,3848.0,4136.0,3904.0,4312.0,0.43,0.71
669,13.86,1173.0,4328.0,4400.0,4504.0,4816.0,0.47,0.08
670,11.27,1156.0,5760.0,5504.0,5992.0,6160.0,0.49,0.08
671,9.32,1093.0,6624.0,6520.0,6672.0,6784.0,0.53,0.75
672,8.61,1097.0,6448.0,6856.0,6464.0,6840.0,0.51,0.71
673,8.32,1109.0,6536.0,6456.0,6960.0,6576.0,0.49,0.16
674,7.73,1116.0,7104.0,7008.0,6808.0,7128.0,0.47,0.8
675,7.2,1111.0,7336.0,7400.0,7432.0,7096.0,0.45,0.12
676,6.73,1136.0,7600.0,6984.0,7200.0,7112.0,0.49,0.82
677,6.73,1141.0,6904.0,7064.0,6752.0,7072.0,0.47,0.78
678,8.32,1150.0,6192.0,6136.0,6112.0,6232.0,0.45,0.51
679,8.73,1156.0,6384.0,5944.0,6408.0,6024.0,0.45,0.14
680,8.73,1162.0,6456.0,6288.0,6456.0,6448.0,0.47,0.76
681,8.85,1158.0,6056.0,6440.0,6056.0,6584.0,0.49,0.75
682,8.85,1170.0,6000.0,6120.0,6336.0,6232.0,0.45,0.08
683,8.97,1173.0,6344.0,5984.0,6344.0,6080.0,0.47,0.65
684,9.14,1180.0,5992.0,6312.0,6000.0,6344.0,0.51,0.76
685,9.2,1185.0,5864.0,6280.0,5880.0,6088.0,0.49,0.47
686,9.26,1185.0,6120.0,5792.0,6016.0,5728.0,0.47,0.76
687,10.09,1198.0,5512.0,5792.0,5472.0,5896.0,0.49,0.8
688,10.38,1198.0,5304.0,5408.0,5296.0,5504.0,0.47,0.16
689,10.56,1211.0,5576.0,5360.0,5600.0,5432.0,0.47,0.33
690,10.62,1213.0,5344.0,5688.0,5352.0,5800.0,0.51,0.78
691,10.68,1222.0,5360.0,5480.0,5680.0,5632.0,0.53,0.24
692,10.15,1221.0,5896.0,5624.0,5968.0,5712.0,0.55,0.33
693,9.62,1234.0,5888.0,6264.0,5944.0,6544.0,0.57,0.78
694,8.91,1237.0,6456.0,6216.0,6488.0,6336.0,0.57,0.08
695,8.79,1231.0,6552.0,6128.0,6576.0,6528.0,0.59,0.8
696,9.14,1244.0,6072.0,6328.0,6008.0,6432.0,0.59,0.82
697,9.73,1249.0,5480.0,5312.0,5072.0,5120.0,0.51,0.8
698,12.8,1245.0,3976.0,3872.0,3928.0,3736.0,0.49,0.84
699,15.69,1248.0,2960.0,3024.0,2832.0,2904.0,0.47,0.8
700,16.81,1251.0,2640.0,2936.0,2632.0,2968.0,0.47,0.14
701,17.05,1259.0,2688.0,2920.0,2728.0,3064.0,0.47,0.06
702,17.05,1258.0,2896.0,3080.0,2912.0,3128.0,0.47,0.12
703,17.05,1248.0,3032.0,2960.0,3152.0,3072.0,0.53,0.63
704,15.93,1253.0,3272.0,3520.0,3328.0,3632.0,0.55,0.08
705,15.63,1253.0,3464.0,3648.0,3504.0,3624.0,0.57,0.08
706,16.58,1247.0,3232.0,3024.0,3184.0,3032.0,0.59,0.78
707,17.29,1249.0,2792.0,2664.0,2744.0,2688.0,0.57,0.82
708,17.52,1257.0,2632.0,2592.0,2592.0,2688.0,0.53,0.78
709,18.17,1251.0,2296.0,2472.0,2328.0,2496.0,0.53,0.67
710,18.53,1250.0,2416.0,2296.0,2472.0,2368.0,0.51,0.1
711,18.41,1250.0,2384.0,2160.0,2288.0,2096.0,0.51,0.61
712,19.82,1245.0,1600.0,1632.0,1480.0,1504.0,0.53,0.86
713,21.3,1240.0,1080.0,1120.0,1000.0,1024.0,0.53,0.86
714,22.3,1212.0,1016.0,1192.0,1232.0,1224.0,0.37,0.84
715,20.71,1263.0,1752.0,1880.0,1888.0,2024.0,0.49,0.86
716,18.82,1255.0,2160.0,2336.0,2264.0,2376.0,0.47,0.53
717,17.23,1258.0,2912.0,2912.0,3072.0,3024.0,0.47,0.06
718,15.69,1253.0,3744.0,3904.0,3992.0,4136.0,0.47,0.04
719,14.22,1250.0,4384.0,4312.0,4328.0,4264.0,0.53,0.12
720,15.22,1235.0,3848.0,3520.0,3768.0,3536.0,0.57,0.84
721,15.4,1232.0,3648.0,3496.0,3632.0,3584.0,0.53,0.8
722,15.1,1234.0,3632.0,3840.0,3664.0,3936.0,0.51,0.24
723,15.04,1233.0,3856.0,3936.0,3872.0,3712.0,0.47,0.08
724,14.69,1228.0,4184.0,3936.0,4352.0,4288.0,0.53,0.65
725,13.63,1230.0,4360.0,4536.0,4408.0,4800.0,0.53,0.8
726,13.16,1226.0,4424.0,4552.0,4456.0,4640.0,0.55,0.25
727,12.92,1224.0,4744.0,4464.0,4696.0,4520.0,0.57,0.37
728,13.63,1216.0,4456.0,3928.0,4008.0,3888.0,0.57,0.86
729,14.69,1219.0,3736.0,3552.0,3592.0,3840.0,0.57,0.8
730,15.22,1218.0,3440.0,3680.0,3416.0,3728.0,0.51,0.18
731,15.4,1219.0,3640.0,3480.0,3648.0,3520.0,0.49,0.1
732,15.22,1212.0,3776.0,3496.0,3784.0,3776.0,0.53,0.8
733,15.1,1202.0,3560.0,3720.0,3536.0,3800.0,0.53,0.69
734,15.4,1199.0,3400.0,3448.0,3616.0,3464.0,0.51,0.12
735,15.63,1195.0,3528.0,3272.0,3528.0,3320.0,0.53,0.78
736,15.58,1200.0,3368.0,3552.0,3384.0,3552.0,0.55,0.59
737,15.46,1191.0,3592.0,3456.0,3608.0,3464.0,0.55,0.35
738,15.34,1184.0,3712.0,3432.0,3672.0,3352.0,0.55,0.8
739,16.58,1182.0,2584.0,2576.0,2280.0,2264.0,0.59,0.86
740,19.59,1173.0,1648.0,1632.0,1432.0,1536.0,0.57,0.86
741,21.42,1161.0,1104.0,1016.0,1000.0,1016.0,0.53,0.86
742,22.07,1133.0,880.0,896.0,856.0,864.0,0.39,0.84
743,22.36,1144.0,776.0,792.0,768.0,760.0,0.39,0.8
744,22.48,1104.0,736.0,760.0,728.0,744.0,0.37,0.82
745,22.48,1066.0,712.0,736.0,712.0,752.0,0.37,0.78
746,22.42,1049.0,712.0,832.0,712.0,824.0,0.37,0.75
747,22.42,1043.0,728.0,832.0,712.0,848.0,0.37,0.57
748,22.42,1033.0,712.0,856.0,704.0,856.0,0.37,0.1
749,22.42,1031.0,768.0,864.0,776.0,872.0,0.37,0.04
750,22.42,1028.0,808.0,880.0,784.0,880.0,0.37,0.04
751,22.42,1022.0,792.0,904.0,808.0,912.0,0.37,0.06
752,22.42,1016.0,800.0,912.0,824.0,912.0,0.37,0.06
753,22.42,993.0,832.0,856.0,856.0,832.0,0.37,0.16
754,22.42,976.0,840.0,856.0,840.0,856.0,0.39,0.61
755,22.36,966.0,872.0,872.0,880.0,872.0,0.37,0.69
756,22.36,962.0,856.0,872.0,864.0,864.0,0.37,0.75
757,22.36,957.0,784.0,952.0,776.0,960.0,0.37,0.78
758,22.36,933.0,792.0,992.0,800.0,968.0,0.37,0.71
759,22.3,915.0,800.0,984.0,792.0,984.0,0.37,0.1
760,22.24,903.0,888.0,904.0,896.0,912.0,0.37,0.04
761,22.18,887.0,912.0,896.0,904.0,912.0,0.37,0.04
762,22.18,883.0,880.0,896.0,880.0,896.0,0.37,0.04
763,22.18,883.0,888.0,904.0,904.0,872.0,0.37,0.06
764,22.18,872.0,920.0,872.0,920.0,864.0,0.37,0.06
765,22.18,860.0,928.0,872.0,944.0,880.0,0.37,0.18
766,22.18,846.0,944.0,968.0,960.0,960.0,0.37,0.55
767,22.12,834.0,872.0,984.0,896.0,1024.0,0.37,0.67
768,22.07,820.0,912.0,1008.0,888.0,1024.0,0.37,0.57
769,22.01,806.0,920.0,1040.0,920.0,1056.0,0.37,0.06
770,21.3,802.0,1608.0,1480.0,1408.0,1544.0,0.37,0.06
771,20.0,867.0,1856.0,1856.0,1944.0,1944.0,0.49,0.61
772,18.94,967.0,2256.0,2232.0,2352.0,2264.0,0.49,0.82
773,18.23,1053.0,2384.0,2416.0,2400.0,2440.0,0.47,0.84
774,18.35,1153.0,2104.0,2024.0,1904.0,1864.0,0.47,0.82
775,20.3,1210.0,1368.0,1320.0,1240.0,1208.0,0.43,0.84
776,21.36,1142.0,1840.0,1648.0,1736.0,1760.0,0.43,0.22
777,18.76,1206.0,2592.0,2576.0,2816.0,2728.0,0.45,0.78
778,16.22,1334.0,3336.0,3624.0,3496.0,3832.0,0.41,0.06
779,13.98,1381.0,4328.0,4720.0,4544.0,5008.0,0.47,0.04
780,12.74,1484.0,5016.0,4840.0,5016.0,4904.0,0.53,0.35
781,13.33,1519.0,4312.0,4272.0,4280.0,4312.0,0.55,0.76
782,13.86,1488.0,4136.0,4304.0,4128.0,4328.0,0.53,0.06
783,14.22,1487.0,4256.0,4232.0,4248.0,4056.0,0.57,0.51
784,14.28,1487.0,4048.0,4184.0,4088.0,4304.0,0.57,0.59
785,13.98,1506.0,4400.0,4456.0,4432.0,4552.0,0.57,0.12
786,13.92,1518.0,4520.0,4192.0,4296.0,4312.0,0.57,0.8
787,13.75,1486.0,4280.0,4552.0,4280.0,4672.0,0.55,0.25
788,13.57,1466.0,4600.0,4384.0,4632.0,4472.0,0.57,0.29
789,13.04,1488.0,4648.0,4872.0,4712.0,5040.0,0.57,0.8
790,12.27,1505.0,4976.0,5320.0,5336.0,5472.0,0.59,0.1
791,11.8,1499.0,5328.0,5016.0,5408.0,5096.0,0.59,0.45
792,11.68,1460.0,5168.0,5320.0,5160.0,5456.0,0.61,0.8
793,11.39,1381.0,5280.0,5616.0,5600.0,5408.0,0.57,0.12
794,11.5,1407.0,5592.0,5296.0,5576.0,5192.0,0.57,0.82
795,11.8,1433.0,5064.0,5264.0,4976.0,5304.0,0.57,0.75
796,12.21,1468.0,5080.0,4776.0,5096.0,4872.0,0.53,0.16
797,12.27,1473.0,5152.0,5136.0,4856.0,5128.0,0.57,0.8
798,12.27,1492.0,4896.0,4952.0,4848.0,4952.0,0.53,0.24
799,12.21,1514.0,5168.0,4912.0,5224.0,4960.0,0.55,0.71
800,12.09,1525.0,4976.0,5312.0,5032.0,5432.0,0.57,0.61
801,11.8,1537.0,5344.0,5112.0,5336.0,5064.0,0.53,0.33
802,11.98,1561.0,4984.0,5328.0,5064.0,5392.0,0.55,0.78
803,11.68,1572.0,5072.0,5176.0,5336.0,4968.0,0.53,0.53
804,13.86,1587.0,3472.0,3352.0,3128.0,2816.0,0.53,0.86
805,19.12,1595.0,1920.0,1576.0,1584.0,1448.0,0.51,0.88
806,21.24,1604.0,1232.0,1216.0,1256.0,1216.0,0.49,0.84
807,21.12,1604.0,1304.0,1448.0,1312.0,1464.0,0.47,0.8
808,20.89,1620.0,1312.0,1568.0,1304.0,1544.0,0.45,0.16
809,21.24,1640.0,1224.0,1400.0,1208.0,1368.0,0.45,0.1
810,21.06,1629.0,1456.0,1528.0,1552.0,1648.0,0.47,0.08
811,20.06,1608.0,1904.0,1872.0,1928.0,1984.0,0.47,0.12
812,19.18,1525.0,2328.0,2472.0,2424.0,2664.0,0.47,0.67
813,18.11,1344.0,2680.0,2968.0,2712.0,2968.0,0.47,0.37
814,17.99,1358.0,2416.0,2256.0,2232.0,2040.0,0.47,0.65
815,20.36,1283.0,1400.0,1440.0,1368.0,1272.0,0.47,0.82
816,21.36,1248.0,1096.0,1112.0,1096.0,1048.0,0.45,0.51
817,21.71,1251.0,984.0,1096.0,984.0,1080.0,0.45,0.06
818,21.83,1246.0,1056.0,1120.0,1072.0,1128.0,0.47,0.04
819,21.71,1267.0,1176.0,1200.0,1184.0,1224.0,0.49,0.04
820,21.59,1258.0,1736.0,1744.0,1848.0,1688.0,0.53,0.04
821,19.82,1319.0,2112.0,2264.0,2160.0,2280.0,0.55,0.47
822,19.94,1320.0,1920.0,1832.0,1824.0,1768.0,0.61,0.78
823,20.41,1270.0,1744.0,1696.0,1728.0,1680.0,0.61,0.8
824,20.41,1275.0,1656.0,1696.0,1648.0,1696.0,0.57,0.14
825,20.24,1275.0,1824.0,1744.0,1856.0,1776.0,0.57,0.06
826,19.94,1281.0,1984.0,1920.0,2024.0,1984.0,0.59,0.06
827,19.59,1291.0,2240.0,2232.0,2280.0,2256.0,0.61,0.12
828,19.29,1324.0,2352.0,2296.0,2368.0,2176.0,0.61,0.76
829,19.29,1315.0,2360.0,2192.0,2360.0,2184.0,0.61,0.84
830,19.12,1298.0,2248.0,2360.0,2256.0,2360.0,0.57,0.8
831,19.06,1293.0,2248.0,2408.0,2264.0,2440.0,0.53,0.76
832,18.82,1294.0,2328.0,2368.0,2352.0,2400.0,0.53,0.14
833,18.64,1291.0,2512.0,2352.0,2472.0,2272.0,0.51,0.35
834,19.35,1288.0,2080.0,1976.0,1760.0,1784.0,0.51,0.84
835,20.83,1281.0,1360.0,1384.0,1264.0,1312.0,0.51,0.84
836,21.95,1266.0,960.0,936.0,944.0,936.0,0.41,0.8
837,22.24,1281.0,1256.0,1264.0,1264.0,1384.0,0.39,0.8
838,21.06,1278.0,1456.0,1496.0,1456.0,1576.0,0.39,0.63
839,21.3,1273.0,1240.0,1328.0,1176.0,1296.0,0.39,0.12
840,22.01,1237.0,960.0,1048.0,960.0,1008.0,0.41,0.08
841,22.54,1247.0,864.0,800.0,832.0,808.0,0.41,0.08
842,22.66,1250.0,864.0,800.0,856.0,808.0,0.41,0.06
843,22.66,1239.0,880.0,824.0,896.0,832.0,0.41,0.06
844,22.6,1242.0,912.0,872.0,912.0,880.0,0.41,0.06
845,22.6,1242.0,912.0,776.0,768.0,0.0,0.41,0.18
846,22.6,1206.0,0.0,800.0,784.0,0.0,0.41,0.02
847,22.6,1196.0,0.0,784.0,784.0,0.0,0.41,0.0
848,22.6,1227.0,0.0,0.0,0.0,0.0,0.41,0.0
849,22.6,1206.0,0.0,0.0,0.0,0.0,0.41,0.0
850,22.48,1213.0,0.0,0.0,0.0,0.0,0.41,-0.02
851,22.48,1203.0,0.0,0.0,0.0,0.0,0.41,-0.02
852,22.42,1182.0,0.0,0.0,0.0,0.0,0.41,-0.02
853,22.42,1194.0,0.0,0.0,0.0,0.0,0.41,-0.02
854,22.42,1192.0,0.0,0.0,8.0,0.0,0.41,-0.02
855,22.07,1196.0,0.0,0.0,0.0,0.0,0.41,-0.02
856,21.77,1192.0,8.0,1352.0,0.0,0.0,0.41,-0.02
857,21.06,1200.0,0.0,1632.0,1680.0,1736.0,0.41,-0.02
858,20.06,1202.0,2208.0,2192.0,2184.0,2264.0,0.41,0.0
859,19.71,1268.0,2328.0,2288.0,2312.0,2320.0,0.41,0.24
860,19.71,1265.0,2440.0,2416.0,2496.0,2464.0,0.41,0.67
861,19.18,1266.0,2728.0,2752.0,2848.0,2928.0,0.41,0.76
862,18.11,1304.0,3248.0,3080.0,3288.0,3216.0,0.41,0.82
863,17.46,1321.0,3192.0,3144.0,3208.0,3216.0,0.51,0.86
864,17.88,1294.0,2880.0,2848.0,2976.0,2848.0,0.59,0.86
865,18.23,1278.0,2744.0,2784.0,2816.0,2888.0,0.57,0.84
866,17.64,1289.0,2920.0,3000.0,3024.0,3104.0,0.57,0.73
867,17.17,1281.0,3336.0,3152.0,3400.0,3248.0,0.57,0.16
868,16.93,1244.0,3320.0,3136.0,3392.0,3176.0,0.59,0.84
869,17.05,1218.0,3056.0,2952.0,3048.0,3000.0,0.61,0.86
870,17.35,1215.0,2840.0,2816.0,2904.0,2840.0,0.57,0.82
871,17.58,1208.0,2672.0,2664.0,2752.0,2720.0,0.55,0.55
872,17.64,1197.0,2816.0,2648.0,2880.0,2712.0,0.55,0.12
873,17.58,1198.0,2888.0,2760.0,2960.0,2960.0,0.57,0.47
874,17.46,1195.0,2784.0,2992.0,2816.0,3048.0,0.57,0.8
875,17.29,1194.0,2864.0,3096.0,2888.0,3032.0,0.59,0.33
876,16.87,1196.0,3176.0,3048.0,3184.0,3096.0,0.59,0.1
877,16.64,1195.0,3360.0,3128.0,3400.0,3208.0,0.61,0.61
878,16.22,1198.0,3288.0,3432.0,3320.0,3448.0,0.61,0.84
879,16.05,1194.0,3336.0,3344.0,3312.0,3368.0,0.59,0.73
880,16.11,1189.0,3184.0,3056.0,2920.0,2960.0,0.55,0.8
881,17.99,1189.0,2216.0,2152.0,2064.0,2048.0,0.53,0.84
882,19.65,1187.0,1800.0,1808.0,1872.0,2280.0,0.53,0.82
883,18.7,1187.0,2240.0,2280.0,2272.0,2408.0,0.53,0.14
884,17.58,1193.0,2832.0,2808.0,2816.0,3032.0,0.53,0.04
885,15.93,1203.0,3680.0,3624.0,3752.0,3864.0,0.55,0.06
886,15.16,1212.0,4056.0,4016.0,4080.0,4008.0,0.57,0.75
887,14.93,1194.0,3888.0,3968.0,3848.0,3904.0,0.59,0.84
888,15.99,1191.0,2968.0,2776.0,2656.0,2536.0,0.55,0.86
889,18.88,1182.0,1888.0,1840.0,1824.0,1848.0,0.53,0.86
890,18.94,1189.0,2168.0,2216.0,2296.0,2384.0,0.53,0.82
891,17.64,1182.0,2560.0,2568.0,2608.0,2680.0,0.51,0.1
892,16.76,1182.0,3064.0,3072.0,3264.0,3200.0,0.49,0.04
893,15.93,1180.0,3624.0,3592.0,3624.0,3648.0,0.53,0.1
894,16.28,1171.0,3096.0,2936.0,2592.0,2584.0,0.57,0.84
895,19.29,1173.0,1832.0,1792.0,1600.0,1736.0,0.55,0.88
896,21.0,1173.0,1160.0,1208.0,1144.0,1080.0,0.53,0.86
897,21.95,1147.0,960.0,1056.0,1088.0,1112.0,0.43,0.84
898,21.71,1179.0,1296.0,1296.0,1360.0,1432.0,0.41,0.84
899,20.89,1207.0,1344.0,1344.0,1288.0,1296.0,0.37,0.8
900,21.89,1177.0,912.0,928.0,928.0,880.0,0.37,0.8
901,22.24,1102.0,848.0,856.0,832.0,872.0,0.37,0.65
902,22.24,1088.0,824.0,848.0,800.0,832.0,0.37,0.39
903,22.3,1062.0,808.0,912.0,816.0,920.0,0.37,0.06
904,22.24,1053.0,832.0,944.0,840.0,936.0,0.37,0.04
905,22.24,1048.0,848.0,952.0,920.0,952.0,0.37,0.04
906,22.24,1043.0,1120.0,1304.0,1160.0,1216.0,0.39,0.04
907,21.59,1095.0,1256.0,1312.0,1264.0,1208.0,0.39,0.71
908,21.83,1139.0,1112.0,1040.0,1048.0,1000.0,0.37,0.82
909,22.3,1116.0,896.0,832.0,864.0,840.0,0.37,0.84
910,22.42,1074.0,864.0,840.0,856.0,832.0,0.37,0.84
911,22.42,1037.0,800.0,840.0,808.0,832.0,0.35,0.8
912,22.36,1020.0,808.0,832.0,808.0,832.0,0.35,0.71
913,22.36,1021.0,800.0,912.0,784.0,888.0,0.35,0.16
914,22.18,1016.0,1176.0,1216.0,1160.0,1408.0,0.37,0.06
915,21.12,1087.0,1432.0,1584.0,1480.0,1728.0,0.37,0.1
916,20.18,1149.0,1920.0,1944.0,2080.0,2080.0,0.47,0.06
917,18.47,1218.0,2536.0,2576.0,2768.0,2632.0,0.47,0.04
918,16.99,1236.0,3152.0,3200.0,3264.0,3232.0,0.47,0.06
919,16.28,1265.0,3560.0,3576.0,3592.0,3816.0,0.53,0.71
920,15.75,1307.0,3552.0,3768.0,3576.0,3904.0,0.51,0.78
921,15.28,1333.0,3680.0,3776.0,3712.0,3808.0,0.49,0.12
922,14.87,1351.0,4064.0,3872.0,4056.0,3912.0,0.49,0.25
923,14.75,1371.0,4144.0,4096.0,4120.0,4088.0,0.53,0.76
924,14.75,1379.0,3856.0,4104.0,3800.0,4064.0,0.53,0.45
925,14.81,1373.0,4008.0,3792.0,3928.0,3744.0,0.51,0.1
926,15.04,1362.0,3984.0,3888.0,3984.0,3872.0,0.55,0.67
927,15.16,1334.0,3712.0,4000.0,3704.0,4016.0,0.57,0.35
928,15.1,1293.0,4008.0,3888.0,4016.0,3848.0,0.59,0.08
929,14.99,1265.0,4120.0,3728.0,4064.0,3688.0,0.61,0.76
930,15.16,1231.0,3768.0,3648.0,3800.0,3904.0,0.59,0.8
931,14.87,1205.0,3784.0,3952.0,3824.0,4056.0,0.57,0.18
932,14.75,1180.0,4152.0,3912.0,4184.0,3952.0,0.55,0.82
933,14.34,1161.0,4072.0,3952.0,4032.0,4056.0,0.55,0.84
934,13.92,1104.0,4096.0,4320.0,4080.0,4464.0,0.53,0.78
935,13.51,1074.0,4088.0,4408.0,4136.0,4544.0,0.53,0.12
936,13.45,1066.0,4400.0,4248.0,4416.0,4280.0,0.53,0.08
937,13.27,1073.0,4632.0,4280.0,4712.0,4624.0,0.55,0.73
938,12.86,1075.0,4520.0,4736.0,4608.0,4984.0,0.57,0.76
939,12.68,1064.0,4424.0,4736.0,4408.0,4784.0,0.57,0.71
940,13.69,1062.0,4112.0,4128.0,3912.0,4088.0,0.53,0.76
941,14.34,1075.0,3840.0,3888.0,3856.0,4032.0,0.53,0.71
942,13.51,1076.0,4112.0,4448.0,4152.0,4528.0,0.53,0.06
943,12.92,1072.0,4800.0,4840.0,4728.0,4976.0,0.57,0.06
944,12.51,1076.0,5112.0,4768.0,5040.0,4856.0,0.61,0.75
945,12.09,1078.0,4888.0,4792.0,4848.0,4848.0,0.61,0.82
946,11.86,1079.0,5008.0,4984.0,4736.0,5080.0,0.59,0.78
947,12.51,1080.0,4696.0,4768.0,4424.0,4600.0,0.57,0.8
948,12.8,1080.0,4528.0,4464.0,4352.0,4584.0,0.55,0.24
949,12.33,1083.0,4984.0,4688.0,4864.0,4816.0,0.55,0.49
950,12.86,1081.0,4288.0,4456.0,4056.0,4408.0,0.57,0.84
951,14.04,1089.0,4024.0,4184.0,3872.0,4080.0,0.53,0.8
952,14.28,1093.0,3888.0,3936.0,3736.0,4040.0,0.53,0.55
953,14.28,1091.0,4144.0,3896.0,3968.0,4008.0,0.53,0.12
954,13.51,1089.0,4624.0,4600.0,4552.0,4904.0,0.53,0.65
955,11.56,1090.0,5144.0,5528.0,5096.0,5656.0,0.53,0.08
956,10.44,1103.0,6072.0,6192.0,5984.0,6128.0,0.55,0.04
957,9.14,1102.0,6672.0,6392.0,6744.0,6472.0,0.61,0.2
958,8.5,1104.0,7144.0,6456.0,6944.0,6680.0,0.61,0.8
959,7.73,1112.0,6936.0,6968.0,6640.0,7032.0,0.61,0.84
960,7.85,1112.0,6664.0,6872.0,6424.0,6520.0,0.57,0.8
961,9.26,1118.0,5464.0,5216.0,5024.0,5072.0,0.55,0.84
962,11.98,1114.0,4616.0,4384.0,4328.0,4424.0,0.55,0.75
963,12.63,1115.0,4400.0,4640.0,4280.0,4776.0,0.53,0.2
964,12.57,1121.0,4464.0,4736.0,4296.0,4784.0,0.55,0.08
965,13.22,1125.0,4488.0,4456.0,4280.0,4256.0,0.57,0.59
966,13.63,1127.0,4376.0,4056.0,4120.0,3976.0,0.57,0.82
967,14.63,1125.0,3592.0,3144.0,2968.0,2848.0,0.57,0.86
968,17.52,1122.0,2800.0,2504.0,2920.0,2912.0,0.55,0.86
969,16.76,1298.0,2784.0,2920.0,2848.0,3168.0,0.53,0.14
970,16.87,1287.0,2536.0,2408.0,2264.0,2264.0,0.53,0.06
971,19.71,1213.0,1656.0,1856.0,1752.0,2072.0,0.55,0.65
972,19.53,1185.0,2280.0,2144.0,2288.0,2264.0,0.59,0.84
973,18.23,1251.0,2056.0,1976.0,1872.0,1816.0,0.57,0.84
974,20.83,1165.0,1152.0,1088.0,1096.0,1080.0,0.57,0.86
975,21.65,1119.0,936.0,968.0,960.0,936.0,0.57,0.82
976,21.95,1081.0,952.0,1208.0,1232.0,1328.0,0.57,0.8
977,21.06,1102.0,1384.0,1672.0,1512.0,1720.0,0.55,0.84
978,19.76,1185.0,1784.0,2016.0,1816.0,2152.0,0.55,0.69
979,18.88,1233.0,2216.0,2240.0,2296.0,2312.0,0.53,0.06
980,17.88,1225.0,2584.0,2680.0,2784.0,2816.0,0.57,0.04
981,16.46,1254.0,3376.0,3432.0,3504.0,3592.0,0.57,0.02
982,15.58,1304.0,3880.0,3936.0,4000.0,4080.0,0.59,0.49
983,15.22,1347.0,3992.0,3744.0,3976.0,3824.0,0.63,0.8
984,15.22,1364.0,3920.0,3832.0,3896.0,4032.0,0.61,0.78
985,12.98,1391.0,5048.0,5536.0,5528.0,6328.0,0.57,0.06
986,8.08,1533.0,7680.0,7744.0,7528.0,8184.0,0.67,0.06
987,6.49,1565.0,8240.0,7696.0,8144.0,7616.0,0.69,0.82
988,6.9,1463.0,7584.0,7320.0,7600.0,7440.0,0.65,0.82
989,6.78,1386.0,7336.0,7224.0,7448.0,7336.0,0.63,0.78
990,6.67,1361.0,7248.0,7456.0,7152.0,7536.0,0.61,0.69
991,7.38,1383.0,6688.0,6752.0,6616.0,6536.0,0.61,0.76
992,8.32,1262.0,6544.0,6320.0,6296.0,6808.0,0.61,0.75
993,8.26,1175.0,6376.0,6704.0,6272.0,6416.0,0.61,0.35
994,7.79,1160.0,6704.0,6688.0,6688.0,7336.0,0.57,0.25
995,6.55,1140.0,7592.0,7504.0,7400.0,7256.0,0.59,0.37
996,6.31,1137.0,7712.0,7136.0,7160.0,7448.0,0.63,0.78
997,4.78,1147.0,8072.0,8568.0,7928.0,8800.0,0.59,0.06
998,3.19,1155.0,9160.0,9440.0,9056.0,9592.0,0.63,0.08
999,2.65,1166.0,9632.0,9016.0,9520.0,9120.0,0.67,0.8
1000,2.65,1167.0,9120.0,8848.0,8936.0,8952.0,0.65,0.84
1001,2.54,1162.0,8960.0,9312.0,8744.0,9496.0,0.61,0.78
1002,2.65,1171.0,8760.0,8680.0,8456.0,8768.0,0.59,0.75
1003,4.84,1160.0,7184.0,7152.0,6784.0,6352.0,0.59,0.88
1004,9.73,1170.0,5120.0,4728.0,4456.0,4400.0,0.57,0.88
1005,14.4,1158.0,3312.0,3160.0,3056.0,3152.0,0.57,0.88
1006,15.99,1166.0,2992.0,2904.0,2864.0,3000.0,0.53,0.84
1007,15.69,1162.0,2968.0,3352.0,3008.0,3440.0,0.53,0.57
1008,14.57,1167.0,3416.0,3816.0,3464.0,4168.0,0.53,0.06
1009,13.39,1173.0,4096.0,4512.0,4096.0,4696.0,0.57,0.04
1010,12.74,1182.0,4648.0,4608.0,4728.0,4784.0,0.59,0.06
1011,10.91,1173.0,6760.0,6944.0,7872.0,8352.0,0.63,0.04
1012,3.54,1226.0,9560.0,9176.0,9584.0,9504.0,0.67,0.57
1013,3.19,1283.0,9696.0,8768.0,9608.0,9000.0,0.69,0.84
1014,2.83,1178.0,9152.0,9144.0,8944.0,9360.0,0.67,0.8
1015,4.48,1181.0,7160.0,7024.0,6608.0,6136.0,0.61,0.88
1016,11.33,1173.0,4704.0,4272.0,4240.0,4296.0,0.59,0.88
1017,13.57,1174.0,3944.0,3776.0,3776.0,3808.0,0.57,0.86
1018,14.34,1185.0,3584.0,3784.0,3512.0,3912.0,0.55,0.82
1019,14.34,1185.0,3560.0,3960.0,3512.0,4088.0,0.53,0.2
1020,14.46,1174.0,3688.0,3608.0,3560.0,3616.0,0.53,0.25
1021,15.1,1181.0,3520.0,3360.0,3224.0,3360.0,0.55,0.8
1022,15.34,1177.0,3216.0,3456.0,3184.0,3528.0,0.53,0.16
1023,15.46,1181.0,3232.0,3520.0,3432.0,3592.0,0.57,0.06
1024,15.52,1176.0,3488.0,3304.0,3472.0,3384.0,0.57,0.53
1025,15.52,1177.0,3528.0,3264.0,3304.0,3528.0,0.59,0.75
1026,15.52,1180.0,3280.0,3480.0,3272.0,3552.0,0.61,0.59
1027,15.81,1175.0,3216.0,3224.0,3152.0,3000.0,0.59,0.69
1028,16.7,1173.0,3128.0,3016.0,3216.0,3120.0,0.59,0.8
1029,15.16,1174.0,3440.0,3736.0,3520.0,3808.0,0.59,0.08
1030,14.57,1174.0,3848.0,4000.0,3776.0,3808.0,0.59,0.04
1031,16.22,1162.0,3040.0,2824.0,2864.0,2672.0,0.61,0.78
1032,18.29,1160.0,2192.0,1992.0,2168.0,1920.0,0.67,0.86
1033,20.24,1163.0,1432.0,1384.0,1304.0,1304.0,0.63,0.88
1034,21.48,1158.0,1096.0,1040.0,1008.0,976.0,0.61,0.88
1035,22.12,1133.0,888.0,880.0,880.0,864.0,0.49,0.86
1036,22.36,1116.0,848.0,824.0,824.0,808.0,0.47,0.88
1037,22.36,1109.0,792.0,784.0,784.0,768.0,0.45,0.86
1038,22.42,1094.0,752.0,744.0,752.0,744.0,0.45,0.86
1039,21.95,1090.0,1312.0,1416.0,1464.0,1528.0,0.43,0.86
1040,20.47,1188.0,1456.0,1584.0,1432.0,1536.0,0.43,0.84
1041,20.77,1218.0,1312.0,1488.0,1344.0,1464.0,0.41,0.78
1042,19.23,1198.0,2440.0,3040.0,2872.0,3128.0,0.53,0.12
1043,17.17,1317.0,2408.0,2320.0,2176.0,2072.0,0.51,0.57
1044,20.24,1200.0,1240.0,1344.0,1088.0,1232.0,0.51,0.8
1045,21.71,1129.0,888.0,1032.0,840.0,992.0,0.41,0.25
1046,22.12,1089.0,800.0,920.0,784.0,912.0,0.41,0.06
1047,22.24,1076.0,832.0,824.0,832.0,808.0,0.41,0.06
1048,22.24,1060.0,848.0,816.0,848.0,808.0,0.43,0.06
1049,22.3,1052.0,840.0,800.0,856.0,816.0,0.43,0.22
1050,22.3,1034.0,864.0,904.0,864.0,888.0,0.43,0.65
1051,22.3,1031.0,768.0,904.0,768.0,912.0,0.43,0.69
1052,22.3,1023.0,776.0,888.0,760.0,904.0,0.43,0.24
1053,22.36,1007.0,760.0,896.0,760.0,904.0,0.43,0.06
1054,22.36,994.0,832.0,936.0,840.0,944.0,0.45,0.04
1055,22.3,990.0,848.0,952.0,872.0,968.0,0.45,0.04
1056,22.3,997.0,888.0,952.0,864.0,1088.0,0.45,0.06
1057,20.83,1036.0,2032.0,1984.0,2064.0,2168.0,0.57,0.67
1058,18.35,1198.0,2880.0,3080.0,3320.0,3384.0,0.53,0.73
1059,14.57,1294.0,4264.0,4896.0,4552.0,5344.0,0.53,0.02
1060,11.74,1441.0,5440.0,5728.0,5456.0,5520.0,0.57,0.06
1061,11.62,1522.0,5496.0,5264.0,5456.0,5240.0,0.59,0.73
1062,11.74,1537.0,5144.0,5104.0,5040.0,5192.0,0.61,0.16
1063,11.74,1541.0,5432.0,5360.0,5424.0,5480.0,0.65,0.75
1064,11.92,1541.0,5008.0,5424.0,5008.0,5128.0,0.65,0.2
1065,11.98,1533.0,5368.0,5088.0,5536.0,5392.0,0.63,0.73
1066,10.21,1566.0,5888.0,6376.0,5976.0,6656.0,0.65,0.06
1067,9.26,1643.0,6632.0,6328.0,6472.0,6104.0,0.67,0.75
1068,11.09,1635.0,5408.0,5224.0,5504.0,5464.0,0.67,0.82
1069,9.68,1611.0,6168.0,6384.0,6240.0,6592.0,0.67,0.1
1070,9.79,1663.0,5464.0,4952.0,5128.0,4392.0,0.61,0.86
1071,15.81,1485.0,3432.0,2896.0,2984.0,2936.0,0.57,0.9
1072,15.22,1348.0,4272.0,4208.0,4624.0,4896.0,0.57,0.78
1073,6.84,1527.0,7640.0,8264.0,8288.0,8488.0,0.63,0.04
1074,5.55,1776.0,8808.0,8296.0,8864.0,8232.0,0.67,0.8
1075,5.55,1826.0,8352.0,7848.0,8072.0,8104.0,0.67,0.82
1076,5.66,1717.0,7680.0,7672.0,6936.0,6808.0,0.65,0.82
1077,9.26,1642.0,5816.0,5624.0,5736.0,5704.0,0.65,0.84
1078,10.56,1550.0,5304.0,5336.0,5256.0,5328.0,0.61,0.73
1079,10.74,1530.0,5096.0,5248.0,4856.0,5024.0,0.55,0.08
1080,13.39,1460.0,4296.0,4144.0,4304.0,4096.0,0.57,0.8
1081,13.92,1404.0,4024.0,4336.0,4088.0,4408.0,0.57,0.29
1082,13.51,1413.0,4432.0,4640.0,4488.0,4736.0,0.57,0.08
1083,13.1,1421.0,4784.0,4576.0,4800.0,4560.0,0.59,0.43
1084,12.74,1405.0,4656.0,5016.0,4776.0,5128.0,0.63,0.76
1085,11.33,1376.0,5760.0,6208.0,6120.0,6432.0,0.63,0.04
1086,9.38,1399.0,6776.0,6360.0,6648.0,6528.0,0.67,0.8
1087,8.38,1309.0,6832.0,6928.0,7032.0,7312.0,0.67,0.76
1088,6.02,1189.0,7848.0,8184.0,7824.0,8440.0,0.67,0.18
1089,4.9,1153.0,8592.0,8000.0,8408.0,8128.0,0.63,0.82
1090,4.6,1147.0,8280.0,8064.0,8104.0,8168.0,0.63,0.82
1091,4.07,1150.0,8352.0,8752.0,8328.0,9216.0,0.61,0.65
1092,2.77,1154.0,9328.0,8832.0,9192.0,9040.0,0.61,0.53
1093,2.42,1164.0,9080.0,9504.0,8984.0,9728.0,0.63,0.78
1094,2.18,1151.0,8952.0,9008.0,8824.0,9168.0,0.61,0.39
1095,1.95,1158.0,9528.0,9000.0,9424.0,9696.0,0.61,0.82
1096,1.83,1152.0,9296.0,9680.0,8920.0,9760.0,0.61,0.59
1097,2.01,1169.0,9536.0,8952.0,9176.0,8984.0,0.61,0.76
1098,2.06,1180.0,9176.0,9528.0,8848.0,9672.0,0.61,0.51
1099,1.71,1179.0,9704.0,9144.0,9392.0,9328.0,0.61,0.75
1100,1.65,1175.0,9200.0,9632.0,9056.0,9736.0,0.61,0.78
1101,1.59,1164.0,9728.0,9208.0,9552.0,9392.0,0.61,0.16
1102,1.59,1181.0,9864.0,9152.0,9104.0,9792.0,0.61,0.82
1103,1.53,1182.0,9304.0,9224.0,9576.0,9360.0,0.61,0.1
1104,1.47,1188.0,9872.0,9736.0,9224.0,9872.0,0.61,0.78
1105,1.47,1191.0,9360.0,9296.0,9184.0,9408.0,0.61,0.41
1106,1.42,1195.0,9880.0,9224.0,9544.0,9456.0,0.61,0.73
1107,1.42,1200.0,9424.0,9776.0,9064.0,10096.0,0.61,0.76
1108,1.36,1196.0,9824.0,9352.0,9512.0,9520.0,0.61,0.55
1109,1.36,1200.0,9488.0,9312.0,9104.0,10096.0,0.61,0.73
1110,1.3,1200.0,9400.0,9848.0,9512.0,9616.0,0.61,0.12
1111,1.3,1210.0,9976.0,9264.0,9096.0,9480.0,0.61,0.8
1112,1.24,1206.0,9376.0,9840.0,9080.0,10024.0,0.61,0.25
1113,1.18,1217.0,9960.0,9352.0,9640.0,9520.0,0.63,0.67
1114,1.36,1203.0,9392.0,9288.0,9000.0,9704.0,0.63,0.8
1115,2.48,1220.0,8616.0,8488.0,8160.0,8568.0,0.63,0.75
1116,3.3,1219.0,8336.0,8200.0,8120.0,8264.0,0.61,0.63
1117,3.54,1214.0,8704.0,8152.0,8424.0,8424.0,0.61,0.75
1118,3.36,1212.0,8336.0,8968.0,8192.0,8912.0,0.61,0.76
1119,3.36,1216.0,8304.0,8592.0,8288.0,8600.0,0.61,0.16
1120,3.13,1215.0,8832.0,8592.0,8856.0,8712.0,0.61,0.71
1121,3.01,1226.0,8456.0,9232.0,8416.0,9208.0,0.61,0.24
1122,2.95,1221.0,8888.0,8736.0,8928.0,8688.0,0.61,0.69
1123,2.77,1223.0,8512.0,9016.0,8336.0,9176.0,0.65,0.14
1124,2.65,1222.0,9104.0,8784.0,9016.0,8864.0,0.67,0.69
1125,2.54,1220.0,8752.0,8632.0,8536.0,8752.0,0.69,0.75
1126,2.48,1222.0,8792.0,9216.0,8712.0,9408.0,0.67,0.16
1127,2.3,1228.0,9392.0,8872.0,9312.0,8952.0,0.67,0.8
1128,2.3,1218.0,8912.0,9248.0,8752.0,9384.0,0.67,0.73
1129,2.18,1226.0,8920.0,8896.0,9424.0,9016.0,0.63,0.45
1130,2.6,1221.0,9048.0,8400.0,8440.0,8432.0,0.63,0.82
1131,3.6,1230.0,8160.0,8088.0,8048.0,8120.0,0.63,0.8
1132,7.08,1218.0,4768.0,4472.0,3816.0,4360.0,0.61,0.88
1133,17.23,1208.0,2376.0,2136.0,1880.0,1968.0,0.59,0.9
1134,20.36,1207.0,1240.0,1216.0,1080.0,1128.0,0.57,0.9
1135,21.83,1195.0,840.0,856.0,824.0,872.0,0.43,0.88
1136,22.36,1207.0,728.0,752.0,688.0,728.0,0.41,0.88
1137,22.6,1186.0,0.0,760.0,768.0,0.0,0.41,0.86
1138,22.66,1180.0,0.0,744.0,808.0,16.0,0.41,0.84
1139,22.01,1185.0,2328.0,2648.0,3136.0,3848.0,0.41,0.8
1140,8.38,1338.0,8368.0,8384.0,8616.0,8976.0,0.41,0.73
1141,3.19,1548.0,9080.0,8488.0,8248.0,8696.0,0.41,0.08
1142,2.83,1418.0,9288.0,8960.0,9144.0,9312.0,0.61,0.04
1143,2.48,1167.0,9640.0,9456.0,9520.0,9600.0,0.67,0.41
1144,2.6,1191.0,9424.0,8744.0,9232.0,8944.0,0.67,0.78
1145,2.54,1228.0,9336.0,9160.0,8696.0,9392.0,0.67,0.71
1146,2.42,1245.0,9264.0,9344.0,9240.0,9104.0,0.67,0.16
1147,2.3,1175.0,9448.0,8864.0,8784.0,9608.0,0.67,0.8
1148,2.12,1191.0,8928.0,9480.0,9232.0,9104.0,0.67,0.16
1149,1.95,1194.0,9512.0,8952.0,9424.0,9112.0,0.67,0.78
1150,1.89,1184.0,8968.0,9488.0,8792.0,9736.0,0.67,0.16
1151,1.83,1198.0,9504.0,8968.0,9288.0,9144.0,0.67,0.67
1152,1.77,1193.0,9280.0,9608.0,8968.0,9792.0,0.67,0.76
1153,1.77,1201.0,9248.0,9120.0,8896.0,9272.0,0.67,0.61
1154,1.71,1195.0,9768.0,9160.0,9456.0,9776.0,0.67,0.8
1155,1.71,1288.0,9320.0,9800.0,9152.0,9976.0,0.67,0.39
1156,1.83,1549.0,9864.0,9280.0,9016.0,9984.0,0.67,0.71
1157,1.71,1685.0,9728.0,9408.0,9792.0,9512.0,0.67,0.65
1158,1.65,1692.0,9440.0,9968.0,9392.0,10096.0,0.67,0.75
1159,1.71,1924.0,9848.0,9416.0,9992.0,9536.0,0.67,0.78
1160,1.65,1967.0,9280.0,9888.0,9520.0,10104.0,0.67,0.12
1161,2.01,1984.0,9840.0,9176.0,9320.0,9264.0,0.67,0.78
1162,3.6,1957.0,8344.0,8400.0,8472.0,8456.0,0.67,0.73
1163,4.13,1915.0,8600.0,8672.0,8344.0,8760.0,0.67,0.76
1164,5.55,1919.0,7304.0,6624.0,6824.0,6224.0,0.65,0.84
1165,11.03,1747.0,5088.0,4824.0,4992.0,4872.0,0.61,0.8
1166,10.91,1646.0,5440.0,5968.0,5648.0,6168.0,0.57,0.27
1167,10.09,1688.0,5128.0,5048.0,4776.0,4336.0,0.61,0.82
1168,14.75,1550.0,3640.0,4040.0,4152.0,4256.0,0.53,0.82
1169,12.33,1515.0,4576.0,5256.0,4920.0,5416.0,0.53,0.06
1170,10.68,1593.0,5728.0,6008.0,5832.0,6112.0,0.57,0.08
1171,9.68,1564.0,6288.0,5952.0,6320.0,5976.0,0.59,0.78
1172,9.68,1489.0,5480.0,5816.0,5384.0,5320.0,0.57,0.78
1173,11.15,1390.0,5152.0,5072.0,5088.0,5056.0,0.57,0.67
1174,11.15,1378.0,5336.0,5248.0,5312.0,5424.0,0.57,0.76
1175,11.68,1367.0,4848.0,5312.0,4840.0,5344.0,0.57,0.25
1176,11.5,1309.0,5328.0,5160.0,5304.0,5296.0,0.57,0.14
1177,10.5,1250.0,5936.0,6064.0,5984.0,6288.0,0.59,0.69
1178,9.56,1224.0,5736.0,5912.0,5304.0,5568.0,0.59,0.76
1179,11.68,1226.0,4864.0,4880.0,4656.0,4960.0,0.59,0.75
1180,11.09,1230.0,5488.0,5296.0,5320.0,5400.0,0.57,0.08
1181,11.03,1228.0,5488.0,5288.0,5056.0,5352.0,0.57,0.82
1182,12.39,1227.0,4632.0,4680.0,4456.0,4800.0,0.59,0.78
1183,11.68,1236.0,5048.0,5128.0,5032.0,5392.0,0.57,0.08
1184,9.97,1244.0,6032.0,5920.0,5888.0,6048.0,0.57,0.08
1185,9.97,1237.0,6136.0,6072.0,5888.0,6176.0,0.61,0.8
1186,10.03,1236.0,5760.0,5936.0,5424.0,5888.0,0.61,0.76
1187,12.74,1233.0,4096.0,4168.0,3824.0,3616.0,0.59,0.84
1188,15.63,1239.0,4008.0,4096.0,3960.0,4976.0,0.59,0.65
1189,7.26,1265.0,7352.0,7320.0,7568.0,7888.0,0.65,0.04
1190,5.66,1395.0,8088.0,7600.0,7328.0,6928.0,0.67,0.82
1191,9.26,1275.0,5760.0,5568.0,5504.0,5632.0,0.67,0.86
1192,10.09,1259.0,5552.0,5680.0,5392.0,5688.0,0.59,0.8
1193,11.39,1256.0,4992.0,5160.0,5080.0,5816.0,0.59,0.43
1194,8.02,1265.0,6920.0,6864.0,6992.0,7024.0,0.65,0.04
1195,7.14,1271.0,7256.0,6544.0,6224.0,6504.0,0.67,0.78
1196,11.68,1263.0,5240.0,4912.0,4952.0,4968.0,0.61,0.86
1197,12.33,1265.0,4816.0,4712.0,4576.0,4704.0,0.59,0.8
1198,12.45,1266.0,4800.0,4848.0,4840.0,5560.0,0.59,0.35
1199,9.26,1274.0,6416.0,6808.0,6632.0,7416.0,0.63,0.02
1200,7.08,1290.0,7600.0,7720.0,7544.0,7360.0,0.67,0.12
1201,8.85,1272.0,6384.0,5768.0,5864.0,5680.0,0.69,0.86
1202,10.62,1277.0,5992.0,5848.0,6080.0,6384.0,0.67,0.76
1203,6.96,1283.0,7456.0,7528.0,7464.0,7936.0,0.65,0.08
1204,6.25,1282.0,8192.0,7576.0,8024.0,7648.0,0.65,0.84
1205,6.43,1273.0,7592.0,7224.0,7408.0,7392.0,0.63,0.82
1206,6.43,1279.0,7560.0,7264.0,7432.0,7528.0,0.61,0.78
1207,5.78,1285.0,7736.0,7936.0,7648.0,8096.0,0.61,0.75
1208,5.6,1283.0,7752.0,7632.0,7664.0,7888.0,0.61,0.27
1209,4.42,1282.0,8880.0,8456.0,8912.0,8784.0,0.63,0.75
1210,3.36,1284.0,8776.0,9160.0,8432.0,8472.0,0.61,0.76
1211,5.37,1279.0,7376.0,7408.0,7184.0,7376.0,0.61,0.8
1212,5.55,1280.0,7528.0,7680.0,7688.0,7968.0,0.59,0.08
1213,4.25,1280.0,8648.0,8760.0,8688.0,9000.0,0.63,0.63
1214,3.89,1282.0,8416.0,8944.0,8360.0,9016.0,0.63,0.73
1215,3.78,1282.0,8328.0,8392.0,8744.0,8592.0,0.61,0.63
1216,3.19,1281.0,8688.0,8760.0,8728.0,9408.0,0.61,0.55
1217,3.95,1282.0,7664.0,7416.0,7776.0,7352.0,0.61,0.84
1218,7.32,1272.0,6976.0,6696.0,6576.0,6712.0,0.57,0.82
1219,7.49,1268.0,6560.0,6560.0,6440.0,6680.0,0.57,0.76
1220,7.32,1268.0,6648.0,6840.0,6288.0,6816.0,0.57,0.69
1221,9.03,1262.0,6096.0,5776.0,5848.0,5760.0,0.57,0.82
1222,10.09,1264.0,5376.0,5344.0,5296.0,5480.0,0.57,0.82
1223,9.68,1261.0,5648.0,6016.0,5600.0,6192.0,0.57,0.18
1224,9.09,1249.0,5912.0,6392.0,6024.0,6464.0,0.57,0.08
1225,11.09,1237.0,5088.0,4720.0,4704.0,4696.0,0.53,0.84
1226,12.27,1236.0,4752.0,5008.0,4952.0,5176.0,0.49,0.69
1227,9.44,1234.0,5864.0,6464.0,6000.0,6752.0,0.57,0.04
1228,7.91,1227.0,6872.0,7136.0,6928.0,7408.0,0.61,0.1
1229,6.84,1222.0,7504.0,7032.0,7480.0,7248.0,0.63,0.71
1230,6.37,1220.0,7464.0,7752.0,7408.0,7936.0,0.65,0.76
1231,5.96,1215.0,7456.0,7520.0,7400.0,7456.0,0.61,0.76
1232,6.49,1216.0,6936.0,6856.0,6752.0,6872.0,0.61,0.78
1233,7.02,1215.0,6688.0,6688.0,6664.0,7048.0,0.61,0.65
1234,5.9,1205.0,7360.0,7984.0,7744.0,8080.0,0.61,0.06
1235,5.25,1211.0,8264.0,7952.0,8296.0,8064.0,0.67,0.75
1236,4.72,1206.0,8128.0,8008.0,7896.0,8056.0,0.67,0.8
1237,4.48,1196.0,8008.0,8400.0,7840.0,8488.0,0.65,0.73
1238,4.31,1192.0,8624.0,8152.0,8456.0,8232.0,0.63,0.78
1239,4.13,1193.0,8104.0,8496.0,7928.0,8584.0,0.63,0.75
1240,4.07,1194.0,7928.0,7984.0,7832.0,8200.0,0.63,0.24
1241,4.01,1200.0,8768.0,8072.0,8416.0,8208.0,0.63,0.75
1242,3.89,1198.0,8232.0,8528.0,8008.0,8616.0,0.63,0.76
1243,3.95,1197.0,8072.0,8000.0,7840.0,8136.0,0.61,0.27
1244,4.07,1205.0,8456.0,7920.0,7840.0,8152.0,0.61,0.8
1245,4.19,1210.0,8112.0,8560.0,7872.0,8680.0,0.61,0.47
1246,4.19,1218.0,8536.0,7992.0,8128.0,8080.0,0.61,0.8
1247,4.19,1225.0,8040.0,8424.0,7784.0,8656.0,0.59,0.29
1248,4.31,1221.0,8504.0,8056.0,8216.0,8248.0,0.61,0.75
1249,4.31,1227.0,7992.0,7904.0,7680.0,8376.0,0.61,0.63
1250,5.6,1232.0,7136.0,7392.0,6688.0,6928.0,0.59,0.8
1251,7.73,1246.0,6168.0,6216.0,5944.0,6216.0,0.57,0.76
1252,8.55,1246.0,5920.0,6040.0,5696.0,6064.0,0.57,0.2
1253,8.73,1254.0,6256.0,6072.0,6080.0,6376.0,0.59,0.75
1254,8.85,1251.0,5840.0,5984.0,5624.0,6040.0,0.59,0.1
1255,8.79,1268.0,6384.0,6128.0,6312.0,6560.0,0.61,0.12
1256,8.55,1271.0,6464.0,6688.0,5992.0,6640.0,0.61,0.67
1257,8.5,1269.0,6448.0,6208.0,6336.0,6168.0,0.61,0.14
1258,8.5,1266.0,6568.0,6152.0,6136.0,6576.0,0.61,0.78
1259,8.44,1274.0,6248.0,6688.0,6152.0,6768.0,0.61,0.16
1260,8.38,1296.0,6576.0,6304.0,6448.0,6264.0,0.61,0.78
1261,8.38,1292.0,6160.0,6568.0,6040.0,6568.0,0.61,0.29
1262,8.67,1303.0,6104.0,5744.0,5664.0,5376.0,0.61,0.73
1263,12.86,1284.0,4008.0,3640.0,3312.0,3152.0,0.55,0.86
1264,17.7,1291.0,2368.0,2040.0,1928.0,1848.0,0.53,0.86
1265,20.18,1286.0,1432.0,1312.0,1256.0,1296.0,0.49,0.86
1266,21.83,1275.0,904.0,832.0,848.0,824.0,0.39,0.84
1267,22.3,1268.0,776.0,728.0,744.0,728.0,0.39,0.84
1268,22.54,1260.0,784.0,0.0,768.0,760.0,0.39,0.86
1269,22.66,1257.0,720.0,0.0,0.0,728.0,0.39,0.22
1270,22.6,1256.0,0.0,0.0,0.0,0.0,0.39,0.0
1271,22.54,1246.0,0.0,0.0,0.0,0.0,0.39,0.0
1272,22.6,1240.0,0.0,0.0,0.0,0.0,0.39,-0.02
1273,22.66,1228.0,0.0,0.0,0.0,0.0,0.39,-0.02
1274,22.54,1228.0,0.0,0.0,0.0,0.0,0.39,-0.02
1275,22.54,1215.0,0.0,0.0,0.0,0.0,0.39,-0.02
1276,22.54,1213.0,0.0,0.0,0.0,0.0,0.39,-0.02
1277,22.48,1199.0,0.0,0.0,0.0,0.0,0.39,-0.02
1278,22.48,1193.0,0.0,0.0,0.0,0.0,0.39,-0.02
1279,22.48,1182.0,0.0,0.0,0.0,0.0,0.39,-0.02
1280,22.48,1177.0,0.0,0.0,0.0,0.0,0.39,-0.02
1281,22.48,1169.0,0.0,0.0,0.0,0.0,0.39,-0.02
1282,22.48,1154.0,0.0,0.0,0.0,0.0,0.39,-0.02
1283,22.42,1147.0,0.0,0.0,0.0,0.0,0.39,-0.02
1284,22.48,1126.0,0.0,0.0,0.0,0.0,0.39,-0.02
1285,22.42,1117.0,0.0,0.0,0.0,0.0,0.39,-0.02
1286,22.42,1094.0,0.0,0.0,0.0,0.0,0.39,-0.02
1287,22.36,1069.0,0.0,0.0,0.0,0.0,0.39,-0.02
1288,22.36,1040.0,0.0,0.0,0.0,0.0,0.39,-0.02
1289,22.36,999.0,896.0,0.0,0.0,896.0,0.39,-0.02
1290,22.36,980.0,880.0,0.0,888.0,880.0,0.39,0.0
1291,22.42,991.0,1064.0,0.0,1088.0,1064.0,0.39,0.0
1292,22.48,989.0,1048.0,1080.0,1080.0,1064.0,0.39,0.0
1293,22.48,970.0,1072.0,1088.0,1080.0,1072.0,0.39,0.04
1294,22.48,938.0,1048.0,1088.0,1088.0,1080.0,0.39,0.39
1295,22.36,895.0,1112.0,1120.0,1120.0,1176.0,0.39,0.71
1296,22.24,865.0,1200.0,1216.0,1192.0,1200.0,0.39,0.78
1297,22.18,856.0,1192.0,1216.0,1192.0,1192.0,0.39,0.84
1298,22.18,843.0,1216.0,1240.0,1224.0,1232.0,0.39,0.88
1299,22.12,826.0,1200.0,1208.0,1200.0,1208.0,0.39,0.9
1300,21.83,818.0,1872.0,1976.0,1552.0,1672.0,0.39,0.9
1301,20.41,837.0,1864.0,2000.0,1880.0,2128.0,0.39,0.9
1302,19.35,912.0,2304.0,2480.0,2400.0,2432.0,0.55,0.9
1303,18.47,986.0,2656.0,2696.0,2744.0,2800.0,0.65,0.9
1304,17.88,1083.0,2712.0,2688.0,2536.0,2472.0,0.61,0.9
1305,19.53,1146.0,1872.0,1840.0,1768.0,1712.0,0.57,0.9
1306,21.0,1069.0,1424.0,1432.0,1408.0,1328.0,0.57,0.9
1307,21.65,1005.0,1168.0,1176.0,1176.0,1160.0,0.57,0.88
1308,21.89,956.0,1072.0,1088.0,1064.0,1048.0,0.55,0.86
1309,22.07,917.0,992.0,1024.0,968.0,992.0,0.41,0.82
1310,22.18,856.0,936.0,936.0,928.0,944.0,0.39,0.82
1311,22.12,817.0,928.0,960.0,928.0,960.0,0.37,0.75
1312,21.95,784.0,1032.0,1048.0,1056.0,1072.0,0.35,0.63
1313,21.71,783.0,1096.0,1104.0,1088.0,1112.0,0.35,0.18
1314,21.65,783.0,1104.0,1200.0,1096.0,1200.0,0.35,0.08
1315,21.65,796.0,1080.0,1208.0,1088.0,1184.0,0.35,0.06
1316,21.65,790.0,1088.0,1192.0,1088.0,1168.0,0.35,0.08
1317,21.65,785.0,1112.0,1184.0,1120.0,1208.0,0.35,0.06
1318,21.59,775.0,1200.0,1128.0,1208.0,1128.0,0.37,0.25
1319,21.54,768.0,1216.0,1096.0,1248.0,1120.0,0.37,0.76
1320,21.48,761.0,1264.0,1136.0,1264.0,1136.0,0.37,0.82
1321,21.3,747.0,1328.0,1208.0,1336.0,1208.0,0.35,0.84
1322,20.89,728.0,1400.0,1368.0,1424.0,1400.0,0.35,0.86
1323,20.36,716.0,1536.0,1608.0,1584.0,1664.0,0.47,0.86
1324,19.82,694.0,1672.0,1808.0,1704.0,1856.0,0.47,0.84
1325,19.35,682.0,1848.0,1984.0,1848.0,1992.0,0.47,0.82
1326,18.88,685.0,1928.0,2000.0,1992.0,2024.0,0.45,0.82
1327,18.53,685.0,2056.0,2088.0,2080.0,2120.0,0.45,0.82
1328,18.29,694.0,2128.0,2192.0,2144.0,2200.0,0.45,0.78
1329,17.99,711.0,2200.0,2264.0,2224.0,2272.0,0.45,0.73
1330,17.94,737.0,2200.0,2264.0,2232.0,2272.0,0.45,0.69
1331,17.88,748.0,2240.0,2256.0,2240.0,2288.0,0.47,0.18
1332,17.76,748.0,2376.0,2296.0,2416.0,2328.0,0.47,0.06
1333,17.7,754.0,2456.0,2376.0,2464.0,2408.0,0.47,0.06
1334,17.7,772.0,2480.0,2520.0,2480.0,2472.0,0.47,0.29
1335,18.58,817.0,2112.0,2032.0,1968.0,2008.0,0.47,0.78
1336,19.76,847.0,1648.0,1744.0,1576.0,1712.0,0.47,0.82
1337,20.3,834.0,1432.0,1544.0,1416.0,1504.0,0.47,0.27
1338,20.59,802.0,1368.0,1440.0,1336.0,1472.0,0.47,0.08
1339,20.65,772.0,1432.0,1344.0,1456.0,1344.0,0.47,0.04
1340,20.47,761.0,1520.0,1400.0,1520.0,1432.0,0.47,0.04
1341,20.36,757.0,1576.0,1456.0,1624.0,1472.0,0.47,0.1
1342,20.12,732.0,1704.0,1704.0,1704.0,1712.0,0.47,0.49
1343,19.76,720.0,1808.0,1984.0,2152.0,2720.0,0.47,0.71
1344,18.35,733.0,2704.0,2680.0,2600.0,2800.0,0.47,0.84
1345,16.58,825.0,3056.0,3192.0,3088.0,3304.0,0.47,0.84
1346,15.46,934.0,3288.0,3360.0,3320.0,3560.0,0.45,0.75
1347,14.34,1065.0,3808.0,3896.0,4152.0,4056.0,0.47,0.08
1348,12.57,1157.0,4976.0,4960.0,5216.0,5440.0,0.47,0.06
1349,10.62,1301.0,6024.0,6128.0,6456.0,6864.0,0.57,0.41
1350,7.79,1530.0,7320.0,7728.0,7232.0,7912.0,0.57,0.1
1351,6.73,1671.0,8128.0,7560.0,7592.0,7552.0,0.59,0.76
1352,6.25,1739.0,7648.0,7912.0,8232.0,7816.0,0.57,0.27
1353,5.9,1787.0,7840.0,8168.0,7864.0,8232.0,0.57,0.75
1354,5.96,1840.0,7648.0,7696.0,8168.0,7752.0,0.57,0.16
1355,6.02,1859.0,7776.0,7992.0,7800.0,8072.0,0.59,0.75
1356,6.08,1904.0,7520.0,7432.0,7592.0,7512.0,0.57,0.49
1357,6.25,1935.0,7944.0,7472.0,8048.0,7696.0,0.59,0.82
1358,6.55,1989.0,7208.0,7336.0,7320.0,7424.0,0.57,0.24
1359,6.73,2011.0,7696.0,7616.0,7448.0,7776.0,0.57,0.8
1360,6.96,2064.0,7048.0,7120.0,7160.0,7168.0,0.57,0.39
1361,7.08,2093.0,7368.0,7464.0,7160.0,7576.0,0.57,0.73
1362,7.2,2129.0,7384.0,7144.0,7496.0,7112.0,0.57,0.8
1363,7.32,2194.0,6912.0,7496.0,6848.0,7488.0,0.57,0.16
1364,7.02,2279.0,7512.0,7224.0,7168.0,7696.0,0.59,0.73
1365,6.78,2372.0,7544.0,7048.0,7632.0,7136.0,0.61,0.82
1366,6.78,2415.0,7056.0,7424.0,7192.0,7176.0,0.61,0.16
1367,6.84,2493.0,7128.0,7264.0,7096.0,7344.0,0.61,0.71
1368,7.55,2564.0,7048.0,6680.0,6632.0,7024.0,0.61,0.75
1369,7.85,2632.0,6984.0,6712.0,7008.0,7064.0,0.61,0.75
1370,7.85,2680.0,6616.0,6760.0,7000.0,6720.0,0.63,0.47
1371,8.14,2705.0,6376.0,6808.0,6312.0,6848.0,0.63,0.29
1372,7.91,2309.0,7144.0,6968.0,6976.0,7072.0,0.65,0.75
1373,6.67,1924.0,7536.0,7216.0,7488.0,7184.0,0.61,0.75
1374,6.55,1945.0,7072.0,7528.0,7040.0,7432.0,0.61,0.16
1375,7.08,1960.0,7072.0,6816.0,7120.0,6752.0,0.65,0.78
1376,7.43,1958.0,6672.0,7128.0,6632.0,7208.0,0.63,0.35
1377,7.55,1972.0,7000.0,6768.0,7024.0,6728.0,0.63,0.8
1378,7.08,1972.0,7080.0,7816.0,7568.0,7880.0,0.61,0.06
1379,6.37,2019.0,7936.0,7472.0,7856.0,7536.0,0.67,0.78
1380,6.25,2041.0,7424.0,7656.0,7320.0,7528.0,0.67,0.78
1381,8.44,2012.0,6368.0,6368.0,6312.0,6424.0,0.63,0.71
1382,8.55,1985.0,6744.0,6512.0,6864.0,6760.0,0.61,0.76
1383,7.2,2042.0,6896.0,7496.0,7424.0,7360.0,0.61,0.16
1384,6.67,2058.0,7704.0,7312.0,7296.0,7904.0,0.63,0.69
1385,6.49,1995.0,7584.0,7248.0,7480.0,7280.0,0.61,0.8
1386,6.78,2009.0,6992.0,7024.0,7136.0,7544.0,0.61,0.63
1387,7.02,2020.0,7336.0,7056.0,7400.0,7120.0,0.61,0.78
1388,7.14,2024.0,6992.0,7384.0,6952.0,7120.0,0.61,0.73
1389,7.2,2025.0,7272.0,6856.0,7280.0,7360.0,0.61,0.78
1390,7.2,2013.0,6880.0,6952.0,7288.0,7080.0,0.61,0.2
1391,7.26,2005.0,6904.0,7288.0,6904.0,7432.0,0.61,0.69
1392,7.2,1981.0,7200.0,6856.0,7216.0,6944.0,0.61,0.78
1393,7.32,2006.0,6840.0,6904.0,7240.0,7056.0,0.61,0.65
1394,7.14,2037.0,6952.0,7280.0,6880.0,7416.0,0.61,0.37
1395,7.61,2072.0,6984.0,6584.0,6568.0,6664.0,0.61,0.8
1396,8.32,2105.0,6440.0,6752.0,6256.0,6328.0,0.61,0.73
1397,9.09,2151.0,6392.0,6072.0,6392.0,6280.0,0.61,0.76
1398,10.5,2191.0,4976.0,4864.0,4616.0,4736.0,0.59,0.8
1399,12.98,2194.0,4200.0,4336.0,4240.0,4464.0,0.57,0.27
1400,12.39,2328.0,4840.0,5040.0,4968.0,5176.0,0.59,0.76
1401,13.27,2302.0,3976.0,4048.0,3848.0,4056.0,0.57,0.75
1402,14.16,2317.0,4168.0,4056.0,4272.0,4272.0,0.57,0.14
1403,12.92,2383.0,4720.0,4824.0,4456.0,4896.0,0.59,0.27
1404,12.57,2343.0,4840.0,4728.0,5224.0,5080.0,0.59,0.49
1405,11.33,2021.0,5424.0,5912.0,5336.0,5856.0,0.61,0.73
1406,10.68,1671.0,5576.0,5328.0,5720.0,5480.0,0.61,0.78
1407,10.09,1594.0,5720.0,5792.0,5648.0,6152.0,0.61,0.18
1408,9.14,1607.0,6208.0,6296.0,6080.0,6224.0,0.59,0.06
1409,9.56,1614.0,6064.0,5696.0,6056.0,5736.0,0.61,0.75
1410,9.68,1606.0,5640.0,5912.0,5712.0,6064.0,0.65,0.41
1411,9.56,1624.0,6120.0,6192.0,6192.0,5944.0,0.63,0.12
1412,9.09,1657.0,6568.0,6424.0,6248.0,6656.0,0.67,0.78
1413,8.5,1660.0,6480.0,6456.0,6304.0,6304.0,0.67,0.75
1414,9.56,1628.0,5776.0,5760.0,5712.0,5720.0,0.65,0.76
1415,10.03,1621.0,5584.0,5960.0,5584.0,5904.0,0.63,0.24
1416,10.44,1649.0,5768.0,5272.0,5648.0,5200.0,0.61,0.82
1417,11.45,1563.0,4936.0,5128.0,4864.0,5120.0,0.59,0.76
1418,12.86,1575.0,4000.0,3976.0,3720.0,3600.0,0.57,0.78
1419,16.46,1579.0,2600.0,2720.0,2432.0,2248.0,0.57,0.84
1420,19.65,1589.0,1480.0,1416.0,1320.0,1184.0,0.57,0.86
1421,22.24,1577.0,752.0,728.0,704.0,696.0,0.47,0.84
1422,22.95,1629.0,568.0,576.0,552.0,560.0,0.47,0.86
1423,23.3,1600.0,496.0,528.0,488.0,536.0,0.47,0.86
1424,23.48,1593.0,440.0,520.0,440.0,520.0,0.45,0.84
1425,23.48,1596.0,432.0,536.0,424.0,536.0,0.45,0.78
1426,23.54,1597.0,416.0,488.0,416.0,496.0,0.45,0.67
1427,23.54,1513.0,424.0,496.0,416.0,512.0,0.39,0.08
1428,23.42,1398.0,440.0,536.0,448.0,552.0,0.39,0.04
1429,23.13,1297.0,504.0,608.0,520.0,616.0,0.39,0.02
1430,22.77,1192.0,584.0,728.0,608.0,752.0,0.41,0.02
1431,22.71,1182.0,616.0,808.0,624.0,816.0,0.41,0.02
1432,22.71,1183.0,632.0,808.0,632.0,832.0,0.41,0.02
1433,22.77,1175.0,632.0,832.0,656.0,832.0,0.41,0.02
1434,22.77,1179.0,672.0,760.0,672.0,752.0,0.41,0.02
1435,22.77,1173.0,688.0,752.0,688.0,760.0,0.41,0.04
1436,22.71,1175.0,704.0,760.0,720.0,752.0,0.41,0.04
1437,22.77,1171.0,736.0,744.0,720.0,744.0,0.43,0.04
1438,22.77,1169.0,736.0,808.0,752.0,800.0,0.45,0.04
1439,22.71,1174.0,760.0,816.0,768.0,824.0,0.47,0.06
1440,22.66,1174.0,816.0,888.0,840.0,880.0,0.47,0.08
1441,22.54,1100.0,864.0,904.0,872.0,904.0,0.47,0.08
1442,22.42,1079.0,904.0,864.0,912.0,864.0,0.47,0.57
1443,22.42,1069.0,920.0,840.0,904.0,840.0,0.47,0.76
1444,22.42,1054.0,904.0,832.0,888.0,840.0,0.47,0.82
1445,22.48,1042.0,800.0,888.0,808.0,896.0,0.47,0.8
1446,22.48,1034.0,792.0,888.0,792.0,912.0,0.47,0.73
1447,22.42,1025.0,800.0,912.0,792.0,936.0,0.47,0.14
1448,22.42,1029.0,888.0,928.0,872.0,920.0,0.47,0.08
1449,22.42,1030.0,880.0,928.0,896.0,856.0,0.47,0.06
1450,22.42,1016.0,896.0,872.0,904.0,896.0,0.47,0.06
1451,22.36,1005.0,936.0,896.0,944.0,904.0,0.45,0.63
1452,22.36,1005.0,944.0,912.0,944.0,904.0,0.45,0.73
1453,22.36,1002.0,888.0,992.0,872.0,992.0,0.45,0.78
1454,22.36,1005.0,880.0,1008.0,872.0,992.0,0.43,0.78
1455,22.36,1003.0,872.0,992.0,856.0,1000.0,0.43,0.33
1456,22.3,993.0,888.0,1008.0,944.0,928.0,0.43,0.08
1457,22.3,986.0,936.0,928.0,936.0,920.0,0.45,0.06
1458,22.24,995.0,952.0,928.0,952.0,920.0,0.45,0.08
1459,22.3,978.0,984.0,928.0,992.0,1040.0,0.45,0.61
1460,22.24,979.0,1016.0,1048.0,912.0,1040.0,0.43,0.73
1461,22.24,990.0,912.0,1048.0,912.0,1024.0,0.43,0.73
1462,22.3,1001.0,880.0,1016.0,880.0,1008.0,0.43,0.16
1463,22.3,1002.0,880.0,1000.0,880.0,928.0,0.43,0.08
1464,22.3,985.0,960.0,920.0,976.0,912.0,0.45,0.08
1465,22.24,956.0,1016.0,960.0,1016.0,952.0,0.43,0.45
1466,22.18,963.0,1024.0,960.0,1024.0,960.0,0.43,0.75
1467,22.18,963.0,952.0,1056.0,984.0,1064.0,0.43,0.78
1468,22.18,970.0,984.0,1056.0,968.0,1072.0,0.43,0.75
1469,22.18,982.0,968.0,1056.0,952.0,1064.0,0.41,0.75
1470,22.18,977.0,960.0,976.0,952.0,1000.0,0.41,0.37
1471,22.18,974.0,944.0,992.0,936.0,992.0,0.41,0.12
1472,22.12,973.0,1040.0,984.0,1032.0,960.0,0.43,0.1
1473,22.18,992.0,1008.0,944.0,1000.0,944.0,0.43,0.67
1474,22.24,988.0,1000.0,936.0,1008.0,952.0,0.43,0.78
1475,22.24,985.0,928.0,1040.0,928.0,1008.0,0.43,0.8
1476,22.18,973.0,944.0,1064.0,944.0,1064.0,0.41,0.8
1477,22.18,971.0,936.0,1072.0,928.0,1072.0,0.41,0.75
1478,22.12,954.0,928.0,1096.0,928.0,1080.0,0.41,0.22
1479,22.07,950.0,960.0,1008.0,1040.0,1008.0,0.41,0.08
1480,22.01,941.0,1072.0,1040.0,1072.0,1032.0,0.41,0.31
1481,22.01,959.0,1048.0,1000.0,1040.0,1000.0,0.43,0.75
1482,22.07,961.0,1056.0,1000.0,1056.0,1000.0,0.41,0.78
1483,22.07,959.0,952.0,1064.0,944.0,1048.0,0.41,0.82
1484,22.07,963.0,936.0,1072.0,936.0,1088.0,0.41,0.78
1485,22.07,957.0,944.0,1080.0,944.0,1072.0,0.41,0.1
1486,22.07,961.0,960.0,1088.0,1032.0,1000.0,0.41,0.06
1487,22.07,960.0,1032.0,1000.0,1032.0,976.0,0.41,0.04
1488,22.07,966.0,1048.0,984.0,1072.0,992.0,0.41,0.06
1489,22.07,968.0,1096.0,1000.0,1072.0,992.0,0.41,0.12
1490,22.07,972.0,1088.0,1096.0,1072.0,1088.0,0.41,0.71
1491,22.07,981.0,1000.0,1096.0,1000.0,1064.0,0.41,0.8
1492,22.07,977.0,960.0,1064.0,968.0,1072.0,0.41,0.78
1493,22.07,953.0,936.0,1064.0,952.0,1064.0,0.39,0.65
1494,22.07,934.0,960.0,984.0,960.0,992.0,0.41,0.1
1495,22.07,921.0,1040.0,976.0,1032.0,976.0,0.41,0.06
1496,22.01,906.0,1072.0,1008.0,1080.0,1008.0,0.41,0.2
1497,21.95,899.0,1088.0,1008.0,1120.0,1008.0,0.41,0.65
1498,21.89,892.0,1048.0,1048.0,1040.0,1136.0,0.41,0.78
1499,21.83,890.0,1048.0,1128.0,1048.0,1128.0,0.41,0.8
1500,21.83,888.0,1064.0,1136.0,1048.0,1136.0,0.39,0.78
1501,21.77,898.0,1032.0,1144.0,1040.0,1136.0,0.39,0.76
1502,21.83,908.0,1016.0,1024.0,992.0,1032.0,0.39,0.49
1503,21.83,882.0,992.0,1024.0,992.0,1040.0,0.41,0.12
1504,21.83,864.0,1088.0,1024.0,1096.0,1016.0,0.41,0.08
1505,21.77,853.0,1120.0,1048.0,1120.0,1048.0,0.41,0.1
1506,21.71,849.0,1160.0,1048.0,1168.0,1048.0,0.41,0.59
1507,21.71,855.0,1152.0,1072.0,1144.0,1152.0,0.41,0.78
1508,21.71,854.0,1072.0,1152.0,1064.0,1144.0,0.41,0.82
1509,21.71,864.0,1064.0,1160.0,1064.0,1136.0,0.39,0.82
1510,21.71,870.0,1016.0,1128.0,1024.0,1128.0,0.39,0.8
1511,21.71,855.0,1104.0,1528.0,1144.0,1616.0,0.39,0.75
1512,20.47,874.0,1536.0,1608.0,1608.0,1728.0,0.51,0.27
1513,19.23,953.0,2168.0,2104.0,2288.0,2184.0,0.51,0.14
1514,17.94,1072.0,2672.0,2512.0,2712.0,2688.0,0.53,0.47
1515,18.41,1195.0,2344.0,2080.0,1880.0,1872.0,0.51,0.84
1516,20.71,1173.0,1344.0,1296.0,1160.0,1264.0,0.49,0.84
1517,21.77,1109.0,976.0,984.0,944.0,968.0,0.49,0.41
1518,22.01,1076.0,928.0,936.0,936.0,912.0,0.37,0.1
1519,22.12,1025.0,984.0,896.0,944.0,856.0,0.37,0.08
1520,22.24,975.0,912.0,840.0,904.0,816.0,0.37,0.63
1521,22.36,937.0,856.0,792.0,840.0,776.0,0.39,0.82
1522,22.42,906.0,744.0,840.0,760.0,832.0,0.37,0.84
1523,22.42,871.0,760.0,880.0,784.0,872.0,0.37,0.8
1524,22.24,855.0,816.0,912.0,824.0,944.0,0.37,0.24
1525,22.07,833.0,856.0,1000.0,872.0,1000.0,0.37,0.06
1526,22.01,850.0,984.0,936.0,976.0,936.0,0.37,0.04
1527,22.01,864.0,984.0,920.0,968.0,936.0,0.37,0.12
1528,22.07,866.0,968.0,920.0,960.0,904.0,0.39,0.69
1529,22.12,870.0,952.0,872.0,872.0,856.0,0.37,0.84
1530,22.12,866.0,848.0,856.0,848.0,856.0,0.37,0.86
1531,22.12,865.0,872.0,848.0,840.0,848.0,0.37,0.84
1532,22.12,842.0,832.0,832.0,832.0,832.0,0.37,0.8
1533,22.07,839.0,832.0,840.0,832.0,832.0,0.37,0.75
1534,22.01,830.0,800.0,808.0,824.0,808.0,0.37,0.2
1535,22.01,824.0,824.0,912.0,824.0,896.0,0.37,0.06
1536,21.95,825.0,848.0,936.0,880.0,968.0,0.37,0.04
1537,21.89,826.0,952.0,1000.0,912.0,1008.0,0.37,0.02
1538,21.83,844.0,944.0,1008.0,928.0,1016.0,0.37,0.04
1539,21.89,847.0,992.0,968.0,1016.0,1000.0,0.37,0.06
1540,21.89,837.0,984.0,872.0,1008.0,888.0,0.37,0.1
1541,21.89,834.0,1032.0,904.0,992.0,904.0,0.39,0.65
1542,21.89,832.0,1000.0,896.0,992.0,928.0,0.39,0.75
1543,21.89,821.0,1008.0,880.0,1032.0,960.0,0.39,0.82
1544,21.89,811.0,944.0,1000.0,888.0,976.0,0.37,0.84
1545,21.89,819.0,912.0,984.0,896.0,992.0,0.37,0.8
1546,21.83,816.0,920.0,992.0,888.0,1000.0,0.37,0.61
1547,21.83,796.0,896.0,1016.0,952.0,1048.0,0.37,0.18
1548,21.71,815.0,1024.0,928.0,1048.0,928.0,0.37,0.08
1549,21.77,816.0,1032.0,912.0,1000.0,904.0,0.37,0.37
1550,21.77,801.0,976.0,912.0,992.0,928.0,0.37,0.69
1551,21.77,785.0,992.0,888.0,1000.0,904.0,0.37,0.76
1552,21.77,780.0,928.0,1032.0,960.0,1056.0,0.37,0.82
1553,21.65,775.0,968.0,1040.0,1000.0,1080.0,0.37,0.8
1554,21.54,771.0,1024.0,1120.0,992.0,1144.0,0.37,0.78
1555,21.42,781.0,1048.0,1184.0,1024.0,1136.0,0.37,0.75
1556,21.42,781.0,1000.0,1184.0,1000.0,1184.0,0.37,0.2
1557,21.42,771.0,1056.0,1072.0,1136.0,1112.0,0.37,0.08
1558,21.36,771.0,1136.0,1104.0,1168.0,1104.0,0.37,0.06
1559,21.3,770.0,1136.0,1064.0,1112.0,1072.0,0.37,0.29
1560,21.24,752.0,1200.0,1144.0,1176.0,1136.0,0.37,0.65
1561,20.94,739.0,1208.0,1208.0,1240.0,1208.0,0.37,0.73
1562,20.53,737.0,1328.0,1304.0,1352.0,1368.0,0.37,0.8
1563,20.24,735.0,1400.0,1392.0,1432.0,1392.0,0.47,0.82
1564,19.94,729.0,1464.0,1432.0,1472.0,1480.0,0.47,0.82
1565,19.65,713.0,1512.0,1528.0,1544.0,1680.0,0.47,0.82
1566,19.29,707.0,1584.0,1784.0,1624.0,1784.0,0.47,0.76
1567,19.0,710.0,1664.0,1848.0,1632.0,1848.0,0.47,0.27
1568,18.82,710.0,1712.0,1928.0,1728.0,1824.0,0.47,0.1
1569,18.58,707.0,1960.0,1840.0,1920.0,1864.0,0.47,0.06
1570,18.35,719.0,1984.0,1928.0,2040.0,1936.0,0.47,0.08
1571,18.29,731.0,2080.0,1984.0,2104.0,1984.0,0.47,0.08
1572,18.17,733.0,2160.0,2088.0,2160.0,2120.0,0.47,0.41
1573,18.05,737.0,2152.0,2152.0,2208.0,2200.0,0.47,0.71
1574,17.99,749.0,2056.0,2200.0,2056.0,2256.0,0.47,0.76
1575,17.99,744.0,2048.0,2320.0,2048.0,2328.0,0.47,0.14
1576,17.82,746.0,2272.0,2376.0,2272.0,2240.0,0.47,0.06
1577,17.58,756.0,2368.0,2248.0,2376.0,2240.0,0.47,0.06
1578,17.58,765.0,2424.0,2248.0,2392.0,2240.0,0.47,0.51
1579,17.64,774.0,2192.0,2376.0,2144.0,2320.0,0.49,0.75
1580,18.58,829.0,1856.0,1928.0,1728.0,1856.0,0.47,0.8
1581,19.76,846.0,1432.0,1600.0,1424.0,1440.0,0.47,0.16
1582,20.3,814.0,1448.0,1384.0,1448.0,1360.0,0.47,0.06
1583,20.47,795.0,1400.0,1344.0,1416.0,1320.0,0.49,0.04
1584,20.53,782.0,1408.0,1320.0,1416.0,1328.0,0.49,0.08
1585,20.53,764.0,1424.0,1400.0,1456.0,1472.0,0.49,0.37
1586,20.36,768.0,1528.0,1560.0,1528.0,1536.0,0.49,0.69
1587,20.41,780.0,1360.0,1528.0,1328.0,1504.0,0.49,0.8
1588,20.53,776.0,1384.0,1680.0,1600.0,1656.0,0.49,0.84
1589,20.3,796.0,1584.0,1800.0,1600.0,1608.0,0.49,0.86
1590,19.88,824.0,1536.0,1568.0,1552.0,1600.0,0.47,0.88
1591,19.88,862.0,1472.0,1512.0,1416.0,1472.0,0.47,0.84
1592,20.41,813.0,1304.0,1352.0,1272.0,1312.0,0.45,0.8
1593,20.71,774.0,1184.0,1248.0,1184.0,1232.0,0.45,0.43
1594,20.77,764.0,1152.0,1192.0,1240.0,1192.0,0.47,0.1
1595,20.77,752.0,1248.0,1192.0,1248.0,1192.0,0.47,0.08
1596,20.65,742.0,1304.0,1232.0,1328.0,1256.0,0.47,0.06
1597,20.47,745.0,1344.0,1288.0,1376.0,1288.0,0.47,0.06
1598,20.3,737.0,1424.0,1472.0,1488.0,1488.0,0.47,0.08
1599,19.82,696.0,1648.0,1656.0,1680.0,1688.0,0.47,0.18
1600,19.35,670.0,1824.0,1824.0,1840.0,1904.0,0.47,0.59
1601,18.82,659.0,1864.0,2024.0,1904.0,2056.0,0.47,0.75
1602,18.41,667.0,1928.0,2088.0,1968.0,2112.0,0.47,0.82
1603,18.11,674.0,2024.0,2224.0,2072.0,2216.0,0.47,0.84
1604,17.94,676.0,2072.0,2272.0,2016.0,2080.0,0.47,0.82
1605,17.82,681.0,2056.0,2056.0,2032.0,2080.0,0.45,0.78
1606,17.82,680.0,2008.0,2048.0,2016.0,2016.0,0.47,0.69
1607,17.94,674.0,2568.0,2488.0,2632.0,2392.0,0.47,0.2
1608,17.4,711.0,2552.0,2384.0,2584.0,2320.0,0.47,0.86
1609,16.87,782.0,2640.0,2448.0,2664.0,2544.0,0.43,0.84
1610,15.99,846.0,2936.0,3168.0,3016.0,3288.0,0.43,0.25
1611,14.1,951.0,3688.0,4072.0,3752.0,4272.0,0.43,0.06
1612,13.86,1089.0,3568.0,3456.0,3168.0,3192.0,0.49,0.06
1613,17.64,1035.0,2368.0,2192.0,2264.0,2088.0,0.51,0.67
1614,18.76,880.0,2088.0,1968.0,2064.0,1928.0,0.55,0.73
1615,18.82,799.0,2024.0,1936.0,2016.0,2048.0,0.57,0.18
1616,18.76,752.0,1904.0,2040.0,1880.0,2040.0,0.57,0.04
1617,18.82,701.0,1872.0,2040.0,1872.0,2040.0,0.59,0.02
1618,18.82,660.0,1888.0,2056.0,1936.0,2056.0,0.59,0.04
1619,18.53,648.0,2136.0,2192.0,2160.0,2216.0,0.59,0.02
1620,18.35,648.0,2232.0,2288.0,2224.0,2304.0,0.59,0.04
1621,18.23,647.0,2264.0,2352.0,2288.0,2336.0,0.61,0.08
1622,18.11,643.0,2304.0,2352.0,2272.0,2344.0,0.61,0.55
1623,18.05,644.0,2336.0,2272.0,2328.0,2256.0,0.63,0.73
1624,17.99,629.0,2312.0,2264.0,2344.0,2256.0,0.63,0.82
1625,17.99,618.0,2320.0,2272.0,2344.0,2272.0,0.63,0.86
1626,17.94,614.0,2336.0,2232.0,2312.0,2264.0,0.63,0.86
1627,17.94,611.0,2288.0,2248.0,2264.0,2240.0,0.63,0.88
1628,17.99,607.0,2264.0,2248.0,2264.0,2240.0,0.63,0.88
1629,17.99,603.0,2248.0,2224.0,2240.0,2224.0,0.63,0.86
1630,17.99,605.0,2200.0,2200.0,2208.0,2176.0,0.61,0.86
1631,18.11,594.0,2176.0,2160.0,2160.0,2168.0,0.61,0.86
1632,18.17,589.0,2144.0,2144.0,2136.0,2144.0,0.61,0.84
1633,18.17,582.0,2120.0,2120.0,2136.0,2176.0,0.61,0.82
1634,18.17,588.0,2136.0,2200.0,2160.0,2232.0,0.59,0.82
1635,18.11,599.0,2168.0,2208.0,2144.0,2232.0,0.59,0.8
1636,18.11,601.0,2144.0,2200.0,2136.0,2224.0,0.59,0.8
1637,18.11,600.0,2144.0,2536.0,2752.0,2760.0,0.51,0.78
1638,17.4,622.0,3584.0,3608.0,3792.0,3344.0,0.49,0.86
1639,14.93,727.0,3488.0,3552.0,3624.0,3712.0,0.49,0.92
1640,13.39,962.0,3944.0,3968.0,4008.0,4024.0,0.47,0.73
1641,12.57,1098.0,4376.0,4704.0,4464.0,4856.0,0.45,0.08
1642,11.62,1225.0,5176.0,5392.0,5304.0,5688.0,0.47,0.06
1643,10.68,1343.0,5992.0,6072.0,5840.0,6232.0,0.49,0.1
1644,10.09,1438.0,6360.0,5936.0,6144.0,6040.0,0.53,0.73
1645,9.68,1490.0,6104.0,6048.0,5904.0,6504.0,0.55,0.59
1646,9.14,1518.0,6368.0,6768.0,6632.0,6952.0,0.61,0.06
1647,8.08,1570.0,7328.0,6792.0,7488.0,6968.0,0.63,0.31
1648,7.61,1627.0,7632.0,7336.0,7224.0,7632.0,0.65,0.8
1649,7.26,1679.0,7208.0,7120.0,7216.0,7272.0,0.61,0.76
1650,7.08,1713.0,7576.0,7192.0,7648.0,7352.0,0.59,0.78
1651,6.96,1756.0,7440.0,7904.0,7440.0,7864.0,0.57,0.78
1652,7.02,1800.0,7192.0,7384.0,7648.0,7312.0,0.57,0.39
1653,7.2,1840.0,7128.0,7432.0,7000.0,7408.0,0.57,0.76
1654,7.49,1878.0,7248.0,6960.0,7184.0,6824.0,0.57,0.8
1655,7.67,1914.0,6848.0,7288.0,6816.0,7336.0,0.57,0.73
1656,7.85,1954.0,7072.0,6752.0,6680.0,7128.0,0.57,0.8
1657,7.91,1993.0,6664.0,6824.0,7024.0,6824.0,0.57,0.14
1658,7.91,2038.0,6744.0,7200.0,6744.0,7216.0,0.59,0.78
1659,7.96,2090.0,7000.0,6608.0,6984.0,6696.0,0.59,0.18
1660,8.26,2155.0,6168.0,6240.0,5696.0,5776.0,0.57,0.88
1661,17.05,2020.0,2280.0,2192.0,1880.0,1816.0,0.55,0.88
1662,20.65,1983.0,1256.0,1160.0,1080.0,1176.0,0.53,0.76
1663,22.36,1818.0,736.0,872.0,704.0,792.0,0.43,0.8
1664,22.89,1434.0,624.0,696.0,632.0,704.0,0.37,0.86
1665,22.42,1065.0,792.0,776.0,776.0,848.0,0.37,0.82
1666,22.07,991.0,872.0,912.0,872.0,936.0,0.37,0.76
1667,21.89,936.0,896.0,968.0,880.0,1016.0,0.35,0.8
1668,21.89,891.0,784.0,1008.0,792.0,1008.0,0.35,0.18
1669,21.83,851.0,800.0,1064.0,832.0,1080.0,0.35,0.06
1670,21.65,823.0,896.0,1168.0,912.0,1184.0,0.37,0.02
1671,21.48,810.0,960.0,1232.0,968.0,1232.0,0.37,0.02
1672,21.42,806.0,1088.0,1272.0,1080.0,1288.0,0.37,0.02
1673,21.36,813.0,1088.0,1272.0,1088.0,1296.0,0.39,0.02
1674,21.36,808.0,1088.0,1184.0,1104.0,1184.0,0.41,0.04
1675,21.42,799.0,1120.0,1192.0,1136.0,1184.0,0.41,0.02
1676,21.36,788.0,1160.0,1184.0,1160.0,1224.0,0.45,0.04
1677,21.3,779.0,1184.0,1216.0,1208.0,1224.0,0.49,0.06
1678,21.3,781.0,1232.0,1224.0,1256.0,1224.0,0.51,0.06
1679,21.24,774.0,1280.0,1232.0,1264.0,1232.0,0.53,0.1
1680,21.12,764.0,1304.0,1256.0,1328.0,1264.0,0.55,0.49
1681,21.0,761.0,1360.0,1392.0,1336.0,1392.0,0.55,0.69
1682,20.94,766.0,1264.0,1392.0,1280.0,1400.0,0.55,0.78
1683,20.94,756.0,1272.0,1416.0,1280.0,1424.0,0.55,0.78
1684,20.83,746.0,1328.0,1464.0,1328.0,1456.0,0.55,0.8
1685,20.65,751.0,1360.0,1496.0,1352.0,1488.0,0.55,0.82
1686,20.53,756.0,1384.0,1416.0,1376.0,1408.0,0.55,0.78
1687,20.47,755.0,1384.0,1424.0,1416.0,1440.0,0.55,0.73
1688,20.47,769.0,1376.0,1392.0,1368.0,1376.0,0.55,0.29
1689,20.71,774.0,1408.0,1320.0,1384.0,1288.0,0.53,0.12
1690,20.89,764.0,1336.0,1256.0,1344.0,1256.0,0.53,0.25
1691,20.89,766.0,1344.0,1248.0,1328.0,1232.0,0.53,0.69
1692,20.89,764.0,1264.0,1360.0,1256.0,1352.0,0.53,0.76
1693,20.83,755.0,1264.0,1352.0,1272.0,1384.0,0.53,0.47
1694,20.77,751.0,1304.0,1400.0,1312.0,1400.0,0.53,0.08
1695,20.65,750.0,1344.0,1488.0,1352.0,1464.0,0.53,0.06
1696,20.53,749.0,1408.0,1536.0,1528.0,1536.0,0.53,0.04
1697,20.36,755.0,1552.0,1568.0,1584.0,1592.0,0.53,0.06
1698,20.3,757.0,1592.0,1480.0,1576.0,1496.0,0.55,0.63
1699,20.36,769.0,1544.0,1456.0,1528.0,1424.0,0.55,0.78
1700,20.47,767.0,1528.0,1424.0,1512.0,1400.0,0.55,0.84
1701,20.47,764.0,1424.0,1392.0,1408.0,1504.0,0.53,0.84
1702,20.47,770.0,1400.0,1504.0,1416.0,1480.0,0.53,0.84
1703,20.59,769.0,1352.0,1480.0,1344.0,1464.0,0.51,0.82
1704,20.59,744.0,1408.0,1528.0,1408.0,1584.0,0.49,0.75
1705,20.06,704.0,1520.0,1568.0,1528.0,1616.0,0.57,0.2
1706,19.41,674.0,1832.0,1752.0,1840.0,1752.0,0.57,0.08
1707,18.88,657.0,2016.0,1896.0,2040.0,1944.0,0.57,0.1
1708,18.47,653.0,2152.0,2032.0,2152.0,2080.0,0.57,0.61
1709,18.17,662.0,2232.0,2264.0,2096.0,2288.0,0.57,0.78
1710,18.05,689.0,2128.0,2336.0,2104.0,2328.0,0.57,0.82
1711,18.05,685.0,2120.0,2328.0,2120.0,2344.0,0.55,0.76
1712,18.05,672.0,2096.0,2208.0,2104.0,2184.0,0.55,0.18
1713,18.05,669.0,2256.0,2184.0,2264.0,2184.0,0.55,0.08
1714,18.05,659.0,2256.0,2184.0,2264.0,2168.0,0.55,0.1
1715,17.99,655.0,2288.0,2152.0,2288.0,2152.0,0.55,0.53
1716,17.99,647.0,2296.0,2136.0,2296.0,2224.0,0.63,0.73
1717,17.99,642.0,2208.0,2232.0,2216.0,2224.0,0.63,0.8
1718,17.94,637.0,2216.0,2240.0,2216.0,2232.0,0.63,0.82
1719,17.94,630.0,2200.0,2216.0,2200.0,2208.0,0.63,0.8
1720,17.99,622.0,2200.0,2200.0,2192.0,2208.0,0.63,0.82
1721,17.99,615.0,2176.0,2232.0,2144.0,2200.0,0.63,0.8
1722,18.05,609.0,2152.0,2208.0,2120.0,2200.0,0.63,0.78
1723,18.11,606.0,2128.0,2176.0,2144.0,2216.0,0.63,0.8
1724,18.11,598.0,2136.0,2144.0,2136.0,2112.0,0.63,0.78
1725,18.11,598.0,2080.0,2104.0,2080.0,2120.0,0.63,0.78
1726,18.11,593.0,2072.0,2112.0,2096.0,2088.0,0.63,0.41
1727,18.11,595.0,2168.0,2120.0,2160.0,2112.0,0.63,0.14
1728,18.11,595.0,2192.0,2128.0,2184.0,2128.0,0.63,0.18
1729,18.11,603.0,2208.0,2112.0,2208.0,2120.0,0.63,0.69
1730,18.11,604.0,2184.0,2208.0,2120.0,2208.0,0.63,0.78
1731,18.11,606.0,2120.0,2200.0,2136.0,2200.0,0.63,0.78
1732,18.11,602.0,2120.0,2216.0,2128.0,2216.0,0.63,0.78
1733,18.11,603.0,2104.0,2200.0,2128.0,2240.0,0.63,0.78
1734,18.11,599.0,2104.0,2232.0,2120.0,2232.0,0.63,0.76
1735,18.11,601.0,2096.0,2168.0,2120.0,2168.0,0.63,0.71
1736,18.11,604.0,2120.0,2136.0,2104.0,2136.0,0.63,0.76
1737,18.11,597.0,2088.0,2168.0,2112.0,2160.0,0.63,0.78
1738,18.11,601.0,2104.0,2144.0,2080.0,2136.0,0.63,0.78
1739,18.11,597.0,2080.0,2112.0,2104.0,2120.0,0.63,0.73
1740,18.11,596.0,2080.0,2120.0,2080.0,2120.0,0.63,0.76
1741,18.11,593.0,2088.0,2136.0,2072.0,2104.0,0.63,0.75
1742,18.11,599.0,2080.0,2120.0,2096.0,2120.0,0.63,0.73
1743,18.11,596.0,2144.0,2120.0,2152.0,2120.0,0.63,0.75
1744,18.11,594.0,2136.0,2112.0,2152.0,2128.0,0.63,0.75
1745,18.11,599.0,2152.0,2080.0,2144.0,2088.0,0.63,0.78
1746,18.11,596.0,2136.0,2160.0,2160.0,2160.0,0.63,0.8
1747,18.11,597.0,2080.0,2168.0,2080.0,2184.0,0.61,0.8
1748,18.11,601.0,2096.0,2200.0,2072.0,2176.0,0.61,0.8
1749,18.11,604.0,2072.0,2176.0,2072.0,2096.0,0.61,0.8
1750,18.11,595.0,2064.0,2104.0,2040.0,2120.0,0.61,0.67
1751,18.11,595.0,2064.0,2104.0,2056.0,2104.0,0.61,0.37
1752,18.11,594.0,2144.0,2096.0,2144.0,2088.0,0.61,0.35
1753,18.11,599.0,2136.0,2080.0,2112.0,2064.0,0.53,0.75
1754,18.11,601.0,2424.0,2352.0,2448.0,2776.0,0.51,0.76
1755,17.58,637.0,2968.0,3144.0,2720.0,3248.0,0.51,0.78
1756,16.28,719.0,2728.0,3208.0,2800.0,3240.0,0.57,0.84
1757,16.7,854.0,2416.0,2776.0,2720.0,2880.0,0.49,0.78
1758,16.46,878.0,2896.0,3064.0,2936.0,3184.0,0.47,0.37
1759,15.4,939.0,3496.0,3616.0,3576.0,3576.0,0.47,0.04
1760,13.57,1035.0,4208.0,4336.0,4728.0,4536.0,0.49,0.02
1761,10.97,1192.0,5704.0,5992.0,6016.0,6000.0,0.53,0.06
1762,9.97,1390.0,6424.0,6320.0,5904.0,6408.0,0.57,0.76
1763,10.32,1478.0,5608.0,5656.0,5208.0,5216.0,0.55,0.8
1764,12.8,1433.0,3800.0,3352.0,3432.0,3184.0,0.53,0.82
1765,16.99,1201.0,2784.0,2712.0,3016.0,2832.0,0.53,0.2
1766,15.99,1054.0,3400.0,3248.0,3528.0,3488.0,0.53,0.06
1767,14.81,1097.0,4272.0,4272.0,4504.0,4464.0,0.53,0.06
1768,13.45,1210.0,4832.0,4760.0,4824.0,4920.0,0.57,0.76
1769,13.04,1280.0,4760.0,4864.0,4600.0,4904.0,0.57,0.84
1770,13.1,1334.0,4520.0,4432.0,4304.0,4488.0,0.53,0.82
1771,14.04,1336.0,3968.0,3792.0,3624.0,3784.0,0.53,0.47
1772,15.58,1283.0,3280.0,3384.0,3200.0,3336.0,0.53,0.06
1773,16.64,1225.0,3208.0,3080.0,3232.0,3104.0,0.53,0.37
1774,16.34,1204.0,3400.0,3096.0,3408.0,3240.0,0.57,0.75
1775,15.69,1227.0,3568.0,3728.0,3696.0,4024.0,0.59,0.43
1776,14.16,1306.0,4392.0,4448.0,4408.0,4600.0,0.59,0.16
1777,14.63,1383.0,3600.0,3312.0,3560.0,3168.0,0.61,0.86
1778,18.23,1287.0,2200.0,1992.0,1864.0,1928.0,0.57,0.88
1779,20.24,1145.0,1464.0,1456.0,1416.0,1432.0,0.57,0.82
1780,21.12,1116.0,1256.0,1240.0,1232.0,1288.0,0.57,0.84
1781,21.59,1097.0,1080.0,1184.0,1064.0,1160.0,0.55,0.78
1782,21.65,1038.0,1032.0,1144.0,1016.0,1144.0,0.53,0.39
1783,21.65,979.0,1008.0,1048.0,1096.0,1024.0,0.53,0.12
1784,21.65,907.0,1064.0,1000.0,1080.0,1000.0,0.53,0.08
1785,21.65,829.0,1080.0,1000.0,1080.0,1032.0,0.53,0.1
1786,21.54,770.0,1200.0,1112.0,1224.0,1160.0,0.53,0.06
1787,21.12,763.0,1344.0,1280.0,1376.0,1344.0,0.53,0.06
1788,20.83,763.0,1456.0,1448.0,1480.0,1456.0,0.53,0.49
1789,20.71,770.0,1480.0,1472.0,1464.0,1472.0,0.53,0.75
1790,20.77,780.0,1352.0,1464.0,1344.0,1464.0,0.53,0.82
1791,20.89,781.0,1312.0,1440.0,1288.0,1456.0,0.53,0.82
1792,20.94,773.0,1304.0,1432.0,1304.0,1408.0,0.53,0.82
1793,20.94,772.0,1296.0,1400.0,1264.0,1400.0,0.53,0.8
1794,20.94,768.0,1296.0,1344.0,1304.0,1352.0,0.51,0.76
1795,20.89,766.0,1304.0,1360.0,1304.0,1376.0,0.51,0.24
1796,20.77,764.0,1456.0,1400.0,1464.0,1400.0,0.53,0.1
1797,20.59,760.0,1504.0,1408.0,1512.0,1400.0,0.53,0.1
1798,20.59,766.0,1504.0,1408.0,1512.0,1408.0,0.53,0.33
1799,20.59,762.0,1520.0,1408.0,1560.0,1616.0,0.53,0.71
1800,20.12,758.0,2296.0,1960.0,2008.0,2056.0,0.53,0.82
1801,18.94,770.0,2216.0,2080.0,2152.0,2072.0,0.53,0.88
1802,18.29,790.0,2296.0,2248.0,2344.0,2296.0,0.51,0.86
1803,17.88,827.0,2408.0,2368.0,2424.0,2384.0,0.51,0.82
1804,17.35,863.0,2592.0,2808.0,2680.0,2856.0,0.49,0.33
1805,16.76,928.0,2800.0,2984.0,2856.0,3016.0,0.49,0.1
1806,16.58,984.0,2952.0,2880.0,2840.0,2776.0,0.49,0.27
1807,17.82,981.0,2416.0,2184.0,2248.0,2064.0,0.51,0.84
1808,19.47,878.0,1928.0,1752.0,1864.0,1864.0,0.49,0.86
1809,19.59,807.0,1776.0,1792.0,1912.0,1824.0,0.47,0.86
1810,19.41,777.0,1704.0,1824.0,1664.0,1800.0,0.47,0.86
1811,19.82,748.0,1560.0,1656.0,1552.0,1648.0,0.47,0.84
1812,19.94,710.0,1528.0,1672.0,1528.0,1664.0,0.47,0.82
1813,19.88,713.0,1832.0,1976.0,1680.0,1864.0,0.47,0.8
1814,19.47,719.0,1712.0,1696.0,1632.0,1696.0,0.47,0.84
1815,19.29,733.0,1664.0,1736.0,1680.0,1736.0,0.47,0.82
1816,19.18,740.0,1712.0,1776.0,1744.0,1832.0,0.47,0.75
1817,18.53,744.0,1920.0,1968.0,1976.0,2080.0,0.47,0.22
1818,17.99,784.0,2200.0,2168.0,2256.0,2152.0,0.47,0.08
1819,18.05,832.0,2136.0,2056.0,2104.0,2080.0,0.47,0.06
1820,18.29,846.0,2264.0,2304.0,2304.0,2376.0,0.47,0.06
1821,17.7,862.0,2504.0,2544.0,2552.0,2576.0,0.47,0.04
1822,17.4,925.0,2680.0,2672.0,2728.0,2720.0,0.49,0.53
1823,17.58,949.0,2608.0,2624.0,2400.0,2616.0,0.49,0.71
1824,17.82,949.0,2384.0,2568.0,2448.0,2592.0,0.49,0.71
1825,17.46,956.0,2488.0,2536.0,2760.0,2616.0,0.49,0.12
1826,16.81,978.0,3000.0,2816.0,3064.0,2816.0,0.49,0.06
1827,16.28,1048.0,3312.0,3224.0,3352.0,3256.0,0.51,0.63
1828,15.69,1111.0,3376.0,3648.0,3464.0,3872.0,0.51,0.24
1829,14.87,1167.0,3984.0,4304.0,4136.0,4416.0,0.51,0.04
1830,14.04,1244.0,4328.0,4240.0,4480.0,4336.0,0.53,0.55
1831,13.98,1313.0,4216.0,4128.0,4200.0,4216.0,0.53,0.8
1832,13.98,1344.0,4112.0,4072.0,4008.0,4368.0,0.51,0.71
1833,14.63,1368.0,3712.0,3768.0,3608.0,3512.0,0.51,0.12
1834,15.99,1341.0,3496.0,3248.0,3432.0,3288.0,0.53,0.67
1835,16.64,1320.0,2664.0,2528.0,2232.0,2328.0,0.57,0.78
1836,19.82,1216.0,1552.0,1512.0,1424.0,1408.0,0.57,0.18
1837,21.24,1190.0,1248.0,1168.0,1224.0,1136.0,0.57,0.1
1838,21.71,1169.0,1112.0,1048.0,1136.0,1024.0,0.59,0.63
1839,21.89,1108.0,1128.0,1088.0,1032.0,1104.0,0.61,0.76
1840,21.83,1015.0,1056.0,1144.0,1048.0,1144.0,0.61,0.22
1841,21.71,922.0,1064.0,1160.0,1072.0,1168.0,0.61,0.06
1842,21.65,850.0,1152.0,1192.0,1160.0,1216.0,0.61,0.04
1843,21.54,782.0,1232.0,1264.0,1240.0,1352.0,0.61,0.04
1844,21.24,772.0,1336.0,1448.0,1376.0,1480.0,0.63,0.04
1845,21.0,771.0,1456.0,1528.0,1472.0,1544.0,0.67,0.08
1846,20.89,767.0,1488.0,1544.0,1488.0,1544.0,0.67,0.55
1847,20.89,772.0,1512.0,1472.0,1512.0,1472.0,0.67,0.75
1848,20.89,776.0,1504.0,1448.0,1488.0,1448.0,0.67,0.82
1849,20.94,779.0,1488.0,1408.0,1488.0,1408.0,0.67,0.86
1850,20.94,773.0,1456.0,1416.0,1456.0,1416.0,0.67,0.88
1851,20.94,777.0,1384.0,1400.0,1368.0,1360.0,0.67,0.88
1852,20.94,773.0,1360.0,1384.0,1368.0,1352.0,0.63,0.88
1853,20.94,758.0,1352.0,1384.0,1408.0,1392.0,0.61,0.88
1854,20.41,723.0,1512.0,1560.0,1528.0,1552.0,0.57,0.86
1855,20.0,701.0,1640.0,1688.0,1664.0,1696.0,0.57,0.84
1856,19.59,682.0,1800.0,1816.0,1824.0,1864.0,0.55,0.82
1857,19.12,668.0,1936.0,1928.0,1936.0,1984.0,0.55,0.82
1858,18.76,667.0,2032.0,2024.0,2048.0,2080.0,0.55,0.8
1859,18.41,672.0,2096.0,2152.0,2120.0,2176.0,0.53,0.8
1860,18.23,686.0,2160.0,2176.0,2144.0,2200.0,0.51,0.8
1861,18.17,679.0,2120.0,2192.0,2144.0,2176.0,0.51,0.71
1862,18.11,677.0,2160.0,2160.0,2176.0,2176.0,0.49,0.63
1863,18.11,668.0,2144.0,2232.0,2152.0,2232.0,0.61,0.14
1864,18.11,664.0,2160.0,2256.0,2144.0,2248.0,0.61,0.08
1865,18.11,655.0,2168.0,2240.0,2176.0,2256.0,0.61,0.08
1866,18.11,645.0,2216.0,2264.0,2232.0,2232.0,0.61,0.06
1867,18.17,635.0,2232.0,2248.0,2208.0,2240.0,0.61,0.08
1868,18.17,627.0,2184.0,2120.0,2200.0,2160.0,0.61,0.1
1869,18.17,617.0,2200.0,2136.0,2184.0,2112.0,0.61,0.53
1870,18.23,614.0,2184.0,2112.0,2176.0,2120.0,0.63,0.73
1871,18.29,595.0,2184.0,2152.0,2104.0,2144.0,0.63,0.8
1872,18.29,601.0,2080.0,2160.0,2104.0,2144.0,0.61,0.82
1873,18.29,597.0,2064.0,2160.0,2104.0,2152.0,0.61,0.8
1874,18.29,604.0,2096.0,2096.0,2088.0,2120.0,0.61,0.73
1875,18.23,598.0,2104.0,2144.0,2096.0,2144.0,0.61,0.63
1876,18.23,604.0,2080.0,2136.0,2104.0,2160.0,0.61,0.37
1877,18.23,601.0,2128.0,2112.0,2136.0,2112.0,0.61,0.71
1878,18.29,600.0,2136.0,2144.0,2152.0,2136.0,0.61,0.73
1879,18.29,601.0,2120.0,2120.0,2160.0,2144.0,0.61,0.82
1880,18.29,594.0,2152.0,2128.0,2080.0,2176.0,0.61,0.84
1881,18.29,597.0,2088.0,2176.0,2048.0,2168.0,0.61,0.8
1882,18.29,596.0,2056.0,2176.0,2072.0,2192.0,0.61,0.78
1883,18.29,594.0,2056.0,2192.0,2080.0,2168.0,0.61,0.75
